,product_id,product_category,product_name,product_price,scrapy_datetime,style_id,color_id,Fit,Composition,size_number,size_model,cotton,spandex,elasterell
144,690449051,men_jeans_ripped,skinny_jeans,39.99,2021-11-17 11:36:50,690449,51,skinny_fit,"Cotton 98%, Spandex 2%",,,0.98,0.02,
145,690449051,men_jeans_ripped,skinny_jeans,39.99,2021-11-17 11:36:50,690449,51,skinny_fit,"Cotton 98%, Spandex 2%",,,0.98,0.02,
146,690449051,men_jeans_ripped,skinny_jeans,39.99,2021-11-17 11:36:50,690449,51,skinny_fit,"Cotton 98%, Spandex 2%",,,0.98,0.02,
147,690449051,men_jeans_ripped,skinny_jeans,39.99,2021-11-17 11:36:50,690449,51,skinny_fit,"Cotton 98%, Spandex 2%",,,0.98,0.02,
148,690449051,men_jeans_ripped,skinny_jeans,39.99,2021-11-17 11:36:50,690449,51,skinny_fit,"Cotton 98%, Spandex 2%",,,0.98,0.02,
149,690449051,men_jeans_ripped,skinny_jeans,39.99,2021-11-17 11:36:50,690449,51,skinny_fit,"Cotton 98%, Spandex 2%",,,0.98,0.02,
150,690449051,men_jeans_ripped,skinny_jeans,39.99,2021-11-17 11:36:50,690449,51,skinny_fit,"Cotton 98%, Spandex 2%",,,0.98,0.02,
151,690449051,men_jeans_ripped,skinny_jeans,39.99,2021-11-17 11:36:50,690449,51,skinny_fit,"Cotton 98%, Spandex 2%",,,0.98,0.02,
152,690449051,men_jeans_ripped,skinny_jeans,39.99,2021-11-17 11:36:50,690449,51,skinny_fit,"Cotton 98%, Spandex 2%",,,0.98,0.02,
153,690449051,men_jeans_ripped,skinny_jeans,39.99,2021-11-17 11:36:50,690449,51,skinny_fit,"Cotton 98%, Spandex 2%",,,0.98,0.02,
154,690449051,men_jeans_ripped,skinny_jeans,39.99,2021-11-17 11:36:50,690449,51,skinny_fit,"Cotton 98%, Spandex 2%",,,0.98,0.02,
155,690449051,men_jeans_ripped,skinny_jeans,39.99,2021-11-17 11:36:50,690449,51,skinny_fit,"Cotton 98%, Spandex 2%",,,0.98,0.02,
156,690449051,men_jeans_ripped,skinny_jeans,39.99,2021-11-17 11:36:50,690449,51,skinny_fit,"Cotton 98%, Spandex 2%",,,0.98,0.02,
157,690449051,men_jeans_ripped,skinny_jeans,39.99,2021-11-17 11:36:50,690449,51,skinny_fit,"Cotton 98%, Spandex 2%",,,0.98,0.02,
158,690449051,men_jeans_ripped,skinny_jeans,39.99,2021-11-17 11:36:50,690449,51,skinny_fit,"Cotton 98%, Spandex 2%",,,0.98,0.02,
159,690449051,men_jeans_ripped,skinny_jeans,39.99,2021-11-17 11:36:50,690449,51,skinny_fit,"Cotton 98%, Spandex 2%",,,0.98,0.02,
160,690449051,men_jeans_ripped,skinny_jeans,39.99,2021-11-17 11:36:50,690449,51,skinny_fit,"Cotton 98%, Spandex 2%",187,32/32,0.98,0.02,
162,690449051,men_jeans_ripped,skinny_jeans,39.99,2021-11-17 11:36:50,690449,51,skinny_fit,"Cotton 98%, Spandex 2%",187,32/32,0.98,0.02,
164,690449051,men_jeans_ripped,skinny_jeans,39.99,2021-11-17 11:36:50,690449,51,skinny_fit,"Cotton 98%, Spandex 2%",187,32/32,0.98,0.02,
166,690449051,men_jeans_ripped,skinny_jeans,39.99,2021-11-17 11:36:50,690449,51,skinny_fit,"Cotton 98%, Spandex 2%",187,32/32,0.98,0.02,
168,690449051,men_jeans_ripped,skinny_jeans,39.99,2021-11-17 11:36:50,690449,51,skinny_fit,"Cotton 98%, Spandex 2%",187,32/32,0.98,0.02,
170,690449051,men_jeans_ripped,skinny_jeans,39.99,2021-11-17 11:36:50,690449,51,skinny_fit,"Cotton 98%, Spandex 2%",187,32/32,0.98,0.02,
172,690449051,men_jeans_ripped,skinny_jeans,39.99,2021-11-17 11:36:50,690449,51,skinny_fit,"Cotton 98%, Spandex 2%",187,32/32,0.98,0.02,
174,690449051,men_jeans_ripped,skinny_jeans,39.99,2021-11-17 11:36:50,690449,51,skinny_fit,"Cotton 98%, Spandex 2%",187,32/32,0.98,0.02,
176,690449051,men_jeans_ripped,skinny_jeans,39.99,2021-11-17 11:36:50,690449,51,skinny_fit,"Cotton 98%, Spandex 2%",187,32/32,0.98,0.02,
178,690449051,men_jeans_ripped,skinny_jeans,39.99,2021-11-17 11:36:50,690449,51,skinny_fit,"Cotton 98%, Spandex 2%",187,32/32,0.98,0.02,
180,690449051,men_jeans_ripped,skinny_jeans,39.99,2021-11-17 11:36:50,690449,51,skinny_fit,"Cotton 98%, Spandex 2%",187,32/32,0.98,0.02,
182,690449051,men_jeans_ripped,skinny_jeans,39.99,2021-11-17 11:36:50,690449,51,skinny_fit,"Cotton 98%, Spandex 2%",187,32/32,0.98,0.02,
184,690449051,men_jeans_ripped,skinny_jeans,39.99,2021-11-17 11:36:50,690449,51,skinny_fit,"Cotton 98%, Spandex 2%",187,32/32,0.98,0.02,
186,690449051,men_jeans_ripped,skinny_jeans,39.99,2021-11-17 11:36:50,690449,51,skinny_fit,"Cotton 98%, Spandex 2%",187,32/32,0.98,0.02,
188,690449051,men_jeans_ripped,skinny_jeans,39.99,2021-11-17 11:36:50,690449,51,skinny_fit,"Cotton 98%, Spandex 2%",187,32/32,0.98,0.02,
190,690449051,men_jeans_ripped,skinny_jeans,39.99,2021-11-17 11:36:50,690449,51,skinny_fit,"Cotton 98%, Spandex 2%",187,32/32,0.98,0.02,
193,690449051,men_jeans_ripped,skinny_jeans,39.99,2021-11-17 11:36:50,690449,51,skinny_fit,"Cotton 98%, Spandex 2%",184,31/32,0.98,0.02,
195,690449051,men_jeans_ripped,skinny_jeans,39.99,2021-11-17 11:36:50,690449,51,skinny_fit,"Cotton 98%, Spandex 2%",184,31/32,0.98,0.02,
197,690449051,men_jeans_ripped,skinny_jeans,39.99,2021-11-17 11:36:50,690449,51,skinny_fit,"Cotton 98%, Spandex 2%",184,31/32,0.98,0.02,
199,690449051,men_jeans_ripped,skinny_jeans,39.99,2021-11-17 11:36:50,690449,51,skinny_fit,"Cotton 98%, Spandex 2%",184,31/32,0.98,0.02,
201,690449051,men_jeans_ripped,skinny_jeans,39.99,2021-11-17 11:36:50,690449,51,skinny_fit,"Cotton 98%, Spandex 2%",184,31/32,0.98,0.02,
203,690449051,men_jeans_ripped,skinny_jeans,39.99,2021-11-17 11:36:50,690449,51,skinny_fit,"Cotton 98%, Spandex 2%",184,31/32,0.98,0.02,
205,690449051,men_jeans_ripped,skinny_jeans,39.99,2021-11-17 11:36:50,690449,51,skinny_fit,"Cotton 98%, Spandex 2%",184,31/32,0.98,0.02,
207,690449051,men_jeans_ripped,skinny_jeans,39.99,2021-11-17 11:36:50,690449,51,skinny_fit,"Cotton 98%, Spandex 2%",184,31/32,0.98,0.02,
209,690449051,men_jeans_ripped,skinny_jeans,39.99,2021-11-17 11:36:50,690449,51,skinny_fit,"Cotton 98%, Spandex 2%",184,31/32,0.98,0.02,
211,690449051,men_jeans_ripped,skinny_jeans,39.99,2021-11-17 11:36:50,690449,51,skinny_fit,"Cotton 98%, Spandex 2%",184,31/32,0.98,0.02,
213,690449051,men_jeans_ripped,skinny_jeans,39.99,2021-11-17 11:36:50,690449,51,skinny_fit,"Cotton 98%, Spandex 2%",184,31/32,0.98,0.02,
215,690449051,men_jeans_ripped,skinny_jeans,39.99,2021-11-17 11:36:50,690449,51,skinny_fit,"Cotton 98%, Spandex 2%",184,31/32,0.98,0.02,
217,690449051,men_jeans_ripped,skinny_jeans,39.99,2021-11-17 11:36:50,690449,51,skinny_fit,"Cotton 98%, Spandex 2%",184,31/32,0.98,0.02,
219,690449051,men_jeans_ripped,skinny_jeans,39.99,2021-11-17 11:36:50,690449,51,skinny_fit,"Cotton 98%, Spandex 2%",184,31/32,0.98,0.02,
221,690449051,men_jeans_ripped,skinny_jeans,39.99,2021-11-17 11:36:50,690449,51,skinny_fit,"Cotton 98%, Spandex 2%",184,31/32,0.98,0.02,
223,690449051,men_jeans_ripped,skinny_jeans,39.99,2021-11-17 11:36:50,690449,51,skinny_fit,"Cotton 98%, Spandex 2%",184,31/32,0.98,0.02,
224,690449051,men_jeans_ripped,skinny_jeans,39.99,2021-11-17 11:36:50,690449,51,skinny_fit,"Cotton 98%, Spandex 2%",,,0.98,0.02,
225,690449051,men_jeans_ripped,skinny_jeans,39.99,2021-11-17 11:36:50,690449,51,skinny_fit,"Cotton 98%, Spandex 2%",,,0.98,0.02,
226,690449051,men_jeans_ripped,skinny_jeans,39.99,2021-11-17 11:36:50,690449,51,skinny_fit,"Cotton 98%, Spandex 2%",,,0.98,0.02,
227,690449051,men_jeans_ripped,skinny_jeans,39.99,2021-11-17 11:36:50,690449,51,skinny_fit,"Cotton 98%, Spandex 2%",,,0.98,0.02,
228,690449051,men_jeans_ripped,skinny_jeans,39.99,2021-11-17 11:36:50,690449,51,skinny_fit,"Cotton 98%, Spandex 2%",,,0.98,0.02,
229,690449051,men_jeans_ripped,skinny_jeans,39.99,2021-11-17 11:36:50,690449,51,skinny_fit,"Cotton 98%, Spandex 2%",,,0.98,0.02,
230,690449051,men_jeans_ripped,skinny_jeans,39.99,2021-11-17 11:36:50,690449,51,skinny_fit,"Cotton 98%, Spandex 2%",,,0.98,0.02,
231,690449051,men_jeans_ripped,skinny_jeans,39.99,2021-11-17 11:36:50,690449,51,skinny_fit,"Cotton 98%, Spandex 2%",,,0.98,0.02,
232,690449051,men_jeans_ripped,skinny_jeans,39.99,2021-11-17 11:36:50,690449,51,skinny_fit,"Cotton 98%, Spandex 2%",,,0.98,0.02,
233,690449051,men_jeans_ripped,skinny_jeans,39.99,2021-11-17 11:36:50,690449,51,skinny_fit,"Cotton 98%, Spandex 2%",,,0.98,0.02,
234,690449051,men_jeans_ripped,skinny_jeans,39.99,2021-11-17 11:36:50,690449,51,skinny_fit,"Cotton 98%, Spandex 2%",,,0.98,0.02,
235,690449051,men_jeans_ripped,skinny_jeans,39.99,2021-11-17 11:36:50,690449,51,skinny_fit,"Cotton 98%, Spandex 2%",,,0.98,0.02,
236,690449051,men_jeans_ripped,skinny_jeans,39.99,2021-11-17 11:36:50,690449,51,skinny_fit,"Cotton 98%, Spandex 2%",,,0.98,0.02,
237,690449051,men_jeans_ripped,skinny_jeans,39.99,2021-11-17 11:36:50,690449,51,skinny_fit,"Cotton 98%, Spandex 2%",,,0.98,0.02,
238,690449051,men_jeans_ripped,skinny_jeans,39.99,2021-11-17 11:36:50,690449,51,skinny_fit,"Cotton 98%, Spandex 2%",,,0.98,0.02,
239,690449051,men_jeans_ripped,skinny_jeans,39.99,2021-11-17 11:36:50,690449,51,skinny_fit,"Cotton 98%, Spandex 2%",,,0.98,0.02,
240,690449043,men_jeans_ripped,skinny_jeans,39.99,2021-11-17 11:36:50,690449,43,skinny_fit,"Cotton 98%, Spandex 2%",,,0.98,0.02,
241,690449043,men_jeans_ripped,skinny_jeans,39.99,2021-11-17 11:36:50,690449,43,skinny_fit,"Cotton 98%, Spandex 2%",,,0.98,0.02,
242,690449043,men_jeans_ripped,skinny_jeans,39.99,2021-11-17 11:36:50,690449,43,skinny_fit,"Cotton 98%, Spandex 2%",,,0.98,0.02,
243,690449043,men_jeans_ripped,skinny_jeans,39.99,2021-11-17 11:36:50,690449,43,skinny_fit,"Cotton 98%, Spandex 2%",,,0.98,0.02,
244,690449043,men_jeans_ripped,skinny_jeans,39.99,2021-11-17 11:36:50,690449,43,skinny_fit,"Cotton 98%, Spandex 2%",,,0.98,0.02,
245,690449043,men_jeans_ripped,skinny_jeans,39.99,2021-11-17 11:36:50,690449,43,skinny_fit,"Cotton 98%, Spandex 2%",,,0.98,0.02,
246,690449043,men_jeans_ripped,skinny_jeans,39.99,2021-11-17 11:36:50,690449,43,skinny_fit,"Cotton 98%, Spandex 2%",,,0.98,0.02,
247,690449043,men_jeans_ripped,skinny_jeans,39.99,2021-11-17 11:36:50,690449,43,skinny_fit,"Cotton 98%, Spandex 2%",,,0.98,0.02,
248,690449043,men_jeans_ripped,skinny_jeans,39.99,2021-11-17 11:36:50,690449,43,skinny_fit,"Cotton 98%, Spandex 2%",,,0.98,0.02,
249,690449043,men_jeans_ripped,skinny_jeans,39.99,2021-11-17 11:36:50,690449,43,skinny_fit,"Cotton 98%, Spandex 2%",,,0.98,0.02,
250,690449043,men_jeans_ripped,skinny_jeans,39.99,2021-11-17 11:36:50,690449,43,skinny_fit,"Cotton 98%, Spandex 2%",,,0.98,0.02,
251,690449043,men_jeans_ripped,skinny_jeans,39.99,2021-11-17 11:36:50,690449,43,skinny_fit,"Cotton 98%, Spandex 2%",,,0.98,0.02,
252,690449043,men_jeans_ripped,skinny_jeans,39.99,2021-11-17 11:36:50,690449,43,skinny_fit,"Cotton 98%, Spandex 2%",,,0.98,0.02,
253,690449043,men_jeans_ripped,skinny_jeans,39.99,2021-11-17 11:36:50,690449,43,skinny_fit,"Cotton 98%, Spandex 2%",,,0.98,0.02,
254,690449043,men_jeans_ripped,skinny_jeans,39.99,2021-11-17 11:36:50,690449,43,skinny_fit,"Cotton 98%, Spandex 2%",,,0.98,0.02,
255,690449043,men_jeans_ripped,skinny_jeans,39.99,2021-11-17 11:36:50,690449,43,skinny_fit,"Cotton 98%, Spandex 2%",,,0.98,0.02,
256,690449043,men_jeans_ripped,skinny_jeans,39.99,2021-11-17 11:36:50,690449,43,skinny_fit,"Cotton 98%, Spandex 2%",187,32/32,0.98,0.02,
258,690449043,men_jeans_ripped,skinny_jeans,39.99,2021-11-17 11:36:50,690449,43,skinny_fit,"Cotton 98%, Spandex 2%",187,32/32,0.98,0.02,
260,690449043,men_jeans_ripped,skinny_jeans,39.99,2021-11-17 11:36:50,690449,43,skinny_fit,"Cotton 98%, Spandex 2%",187,32/32,0.98,0.02,
262,690449043,men_jeans_ripped,skinny_jeans,39.99,2021-11-17 11:36:50,690449,43,skinny_fit,"Cotton 98%, Spandex 2%",187,32/32,0.98,0.02,
264,690449043,men_jeans_ripped,skinny_jeans,39.99,2021-11-17 11:36:50,690449,43,skinny_fit,"Cotton 98%, Spandex 2%",187,32/32,0.98,0.02,
266,690449043,men_jeans_ripped,skinny_jeans,39.99,2021-11-17 11:36:50,690449,43,skinny_fit,"Cotton 98%, Spandex 2%",187,32/32,0.98,0.02,
268,690449043,men_jeans_ripped,skinny_jeans,39.99,2021-11-17 11:36:50,690449,43,skinny_fit,"Cotton 98%, Spandex 2%",187,32/32,0.98,0.02,
270,690449043,men_jeans_ripped,skinny_jeans,39.99,2021-11-17 11:36:50,690449,43,skinny_fit,"Cotton 98%, Spandex 2%",187,32/32,0.98,0.02,
272,690449043,men_jeans_ripped,skinny_jeans,39.99,2021-11-17 11:36:50,690449,43,skinny_fit,"Cotton 98%, Spandex 2%",187,32/32,0.98,0.02,
274,690449043,men_jeans_ripped,skinny_jeans,39.99,2021-11-17 11:36:50,690449,43,skinny_fit,"Cotton 98%, Spandex 2%",187,32/32,0.98,0.02,
276,690449043,men_jeans_ripped,skinny_jeans,39.99,2021-11-17 11:36:50,690449,43,skinny_fit,"Cotton 98%, Spandex 2%",187,32/32,0.98,0.02,
278,690449043,men_jeans_ripped,skinny_jeans,39.99,2021-11-17 11:36:50,690449,43,skinny_fit,"Cotton 98%, Spandex 2%",187,32/32,0.98,0.02,
280,690449043,men_jeans_ripped,skinny_jeans,39.99,2021-11-17 11:36:50,690449,43,skinny_fit,"Cotton 98%, Spandex 2%",187,32/32,0.98,0.02,
282,690449043,men_jeans_ripped,skinny_jeans,39.99,2021-11-17 11:36:50,690449,43,skinny_fit,"Cotton 98%, Spandex 2%",187,32/32,0.98,0.02,
284,690449043,men_jeans_ripped,skinny_jeans,39.99,2021-11-17 11:36:50,690449,43,skinny_fit,"Cotton 98%, Spandex 2%",187,32/32,0.98,0.02,
286,690449043,men_jeans_ripped,skinny_jeans,39.99,2021-11-17 11:36:50,690449,43,skinny_fit,"Cotton 98%, Spandex 2%",187,32/32,0.98,0.02,
289,690449043,men_jeans_ripped,skinny_jeans,39.99,2021-11-17 11:36:50,690449,43,skinny_fit,"Cotton 98%, Spandex 2%",184,31/32,0.98,0.02,
291,690449043,men_jeans_ripped,skinny_jeans,39.99,2021-11-17 11:36:50,690449,43,skinny_fit,"Cotton 98%, Spandex 2%",184,31/32,0.98,0.02,
293,690449043,men_jeans_ripped,skinny_jeans,39.99,2021-11-17 11:36:50,690449,43,skinny_fit,"Cotton 98%, Spandex 2%",184,31/32,0.98,0.02,
295,690449043,men_jeans_ripped,skinny_jeans,39.99,2021-11-17 11:36:50,690449,43,skinny_fit,"Cotton 98%, Spandex 2%",184,31/32,0.98,0.02,
297,690449043,men_jeans_ripped,skinny_jeans,39.99,2021-11-17 11:36:50,690449,43,skinny_fit,"Cotton 98%, Spandex 2%",184,31/32,0.98,0.02,
299,690449043,men_jeans_ripped,skinny_jeans,39.99,2021-11-17 11:36:50,690449,43,skinny_fit,"Cotton 98%, Spandex 2%",184,31/32,0.98,0.02,
301,690449043,men_jeans_ripped,skinny_jeans,39.99,2021-11-17 11:36:50,690449,43,skinny_fit,"Cotton 98%, Spandex 2%",184,31/32,0.98,0.02,
303,690449043,men_jeans_ripped,skinny_jeans,39.99,2021-11-17 11:36:50,690449,43,skinny_fit,"Cotton 98%, Spandex 2%",184,31/32,0.98,0.02,
305,690449043,men_jeans_ripped,skinny_jeans,39.99,2021-11-17 11:36:50,690449,43,skinny_fit,"Cotton 98%, Spandex 2%",184,31/32,0.98,0.02,
307,690449043,men_jeans_ripped,skinny_jeans,39.99,2021-11-17 11:36:50,690449,43,skinny_fit,"Cotton 98%, Spandex 2%",184,31/32,0.98,0.02,
309,690449043,men_jeans_ripped,skinny_jeans,39.99,2021-11-17 11:36:50,690449,43,skinny_fit,"Cotton 98%, Spandex 2%",184,31/32,0.98,0.02,
311,690449043,men_jeans_ripped,skinny_jeans,39.99,2021-11-17 11:36:50,690449,43,skinny_fit,"Cotton 98%, Spandex 2%",184,31/32,0.98,0.02,
313,690449043,men_jeans_ripped,skinny_jeans,39.99,2021-11-17 11:36:50,690449,43,skinny_fit,"Cotton 98%, Spandex 2%",184,31/32,0.98,0.02,
315,690449043,men_jeans_ripped,skinny_jeans,39.99,2021-11-17 11:36:50,690449,43,skinny_fit,"Cotton 98%, Spandex 2%",184,31/32,0.98,0.02,
317,690449043,men_jeans_ripped,skinny_jeans,39.99,2021-11-17 11:36:50,690449,43,skinny_fit,"Cotton 98%, Spandex 2%",184,31/32,0.98,0.02,
319,690449043,men_jeans_ripped,skinny_jeans,39.99,2021-11-17 11:36:50,690449,43,skinny_fit,"Cotton 98%, Spandex 2%",184,31/32,0.98,0.02,
320,690449043,men_jeans_ripped,skinny_jeans,39.99,2021-11-17 11:36:50,690449,43,skinny_fit,"Cotton 98%, Spandex 2%",,,0.98,0.02,
321,690449043,men_jeans_ripped,skinny_jeans,39.99,2021-11-17 11:36:50,690449,43,skinny_fit,"Cotton 98%, Spandex 2%",,,0.98,0.02,
322,690449043,men_jeans_ripped,skinny_jeans,39.99,2021-11-17 11:36:50,690449,43,skinny_fit,"Cotton 98%, Spandex 2%",,,0.98,0.02,
323,690449043,men_jeans_ripped,skinny_jeans,39.99,2021-11-17 11:36:50,690449,43,skinny_fit,"Cotton 98%, Spandex 2%",,,0.98,0.02,
324,690449043,men_jeans_ripped,skinny_jeans,39.99,2021-11-17 11:36:50,690449,43,skinny_fit,"Cotton 98%, Spandex 2%",,,0.98,0.02,
325,690449043,men_jeans_ripped,skinny_jeans,39.99,2021-11-17 11:36:50,690449,43,skinny_fit,"Cotton 98%, Spandex 2%",,,0.98,0.02,
326,690449043,men_jeans_ripped,skinny_jeans,39.99,2021-11-17 11:36:50,690449,43,skinny_fit,"Cotton 98%, Spandex 2%",,,0.98,0.02,
327,690449043,men_jeans_ripped,skinny_jeans,39.99,2021-11-17 11:36:50,690449,43,skinny_fit,"Cotton 98%, Spandex 2%",,,0.98,0.02,
328,690449043,men_jeans_ripped,skinny_jeans,39.99,2021-11-17 11:36:50,690449,43,skinny_fit,"Cotton 98%, Spandex 2%",,,0.98,0.02,
329,690449043,men_jeans_ripped,skinny_jeans,39.99,2021-11-17 11:36:50,690449,43,skinny_fit,"Cotton 98%, Spandex 2%",,,0.98,0.02,
330,690449043,men_jeans_ripped,skinny_jeans,39.99,2021-11-17 11:36:50,690449,43,skinny_fit,"Cotton 98%, Spandex 2%",,,0.98,0.02,
331,690449043,men_jeans_ripped,skinny_jeans,39.99,2021-11-17 11:36:50,690449,43,skinny_fit,"Cotton 98%, Spandex 2%",,,0.98,0.02,
332,690449043,men_jeans_ripped,skinny_jeans,39.99,2021-11-17 11:36:50,690449,43,skinny_fit,"Cotton 98%, Spandex 2%",,,0.98,0.02,
333,690449043,men_jeans_ripped,skinny_jeans,39.99,2021-11-17 11:36:50,690449,43,skinny_fit,"Cotton 98%, Spandex 2%",,,0.98,0.02,
334,690449043,men_jeans_ripped,skinny_jeans,39.99,2021-11-17 11:36:50,690449,43,skinny_fit,"Cotton 98%, Spandex 2%",,,0.98,0.02,
335,690449043,men_jeans_ripped,skinny_jeans,39.99,2021-11-17 11:36:50,690449,43,skinny_fit,"Cotton 98%, Spandex 2%",,,0.98,0.02,
336,690449022,men_jeans_ripped,skinny_jeans,39.99,2021-11-17 11:36:50,690449,22,skinny_fit,"Cotton 98%, Spandex 2%",,,0.98,0.02,
337,690449022,men_jeans_ripped,skinny_jeans,39.99,2021-11-17 11:36:50,690449,22,skinny_fit,"Cotton 98%, Spandex 2%",,,0.98,0.02,
338,690449022,men_jeans_ripped,skinny_jeans,39.99,2021-11-17 11:36:50,690449,22,skinny_fit,"Cotton 98%, Spandex 2%",,,0.98,0.02,
339,690449022,men_jeans_ripped,skinny_jeans,39.99,2021-11-17 11:36:50,690449,22,skinny_fit,"Cotton 98%, Spandex 2%",,,0.98,0.02,
340,690449022,men_jeans_ripped,skinny_jeans,39.99,2021-11-17 11:36:50,690449,22,skinny_fit,"Cotton 98%, Spandex 2%",,,0.98,0.02,
341,690449022,men_jeans_ripped,skinny_jeans,39.99,2021-11-17 11:36:50,690449,22,skinny_fit,"Cotton 98%, Spandex 2%",,,0.98,0.02,
342,690449022,men_jeans_ripped,skinny_jeans,39.99,2021-11-17 11:36:50,690449,22,skinny_fit,"Cotton 98%, Spandex 2%",,,0.98,0.02,
343,690449022,men_jeans_ripped,skinny_jeans,39.99,2021-11-17 11:36:50,690449,22,skinny_fit,"Cotton 98%, Spandex 2%",,,0.98,0.02,
344,690449022,men_jeans_ripped,skinny_jeans,39.99,2021-11-17 11:36:50,690449,22,skinny_fit,"Cotton 98%, Spandex 2%",,,0.98,0.02,
345,690449022,men_jeans_ripped,skinny_jeans,39.99,2021-11-17 11:36:50,690449,22,skinny_fit,"Cotton 98%, Spandex 2%",,,0.98,0.02,
346,690449022,men_jeans_ripped,skinny_jeans,39.99,2021-11-17 11:36:50,690449,22,skinny_fit,"Cotton 98%, Spandex 2%",,,0.98,0.02,
347,690449022,men_jeans_ripped,skinny_jeans,39.99,2021-11-17 11:36:50,690449,22,skinny_fit,"Cotton 98%, Spandex 2%",,,0.98,0.02,
348,690449022,men_jeans_ripped,skinny_jeans,39.99,2021-11-17 11:36:50,690449,22,skinny_fit,"Cotton 98%, Spandex 2%",,,0.98,0.02,
349,690449022,men_jeans_ripped,skinny_jeans,39.99,2021-11-17 11:36:50,690449,22,skinny_fit,"Cotton 98%, Spandex 2%",,,0.98,0.02,
350,690449022,men_jeans_ripped,skinny_jeans,39.99,2021-11-17 11:36:50,690449,22,skinny_fit,"Cotton 98%, Spandex 2%",,,0.98,0.02,
351,690449022,men_jeans_ripped,skinny_jeans,39.99,2021-11-17 11:36:50,690449,22,skinny_fit,"Cotton 98%, Spandex 2%",,,0.98,0.02,
352,690449022,men_jeans_ripped,skinny_jeans,39.99,2021-11-17 11:36:50,690449,22,skinny_fit,"Cotton 98%, Spandex 2%",187,32/32,0.98,0.02,
354,690449022,men_jeans_ripped,skinny_jeans,39.99,2021-11-17 11:36:50,690449,22,skinny_fit,"Cotton 98%, Spandex 2%",187,32/32,0.98,0.02,
356,690449022,men_jeans_ripped,skinny_jeans,39.99,2021-11-17 11:36:50,690449,22,skinny_fit,"Cotton 98%, Spandex 2%",187,32/32,0.98,0.02,
358,690449022,men_jeans_ripped,skinny_jeans,39.99,2021-11-17 11:36:50,690449,22,skinny_fit,"Cotton 98%, Spandex 2%",187,32/32,0.98,0.02,
360,690449022,men_jeans_ripped,skinny_jeans,39.99,2021-11-17 11:36:50,690449,22,skinny_fit,"Cotton 98%, Spandex 2%",187,32/32,0.98,0.02,
362,690449022,men_jeans_ripped,skinny_jeans,39.99,2021-11-17 11:36:50,690449,22,skinny_fit,"Cotton 98%, Spandex 2%",187,32/32,0.98,0.02,
364,690449022,men_jeans_ripped,skinny_jeans,39.99,2021-11-17 11:36:50,690449,22,skinny_fit,"Cotton 98%, Spandex 2%",187,32/32,0.98,0.02,
366,690449022,men_jeans_ripped,skinny_jeans,39.99,2021-11-17 11:36:50,690449,22,skinny_fit,"Cotton 98%, Spandex 2%",187,32/32,0.98,0.02,
368,690449022,men_jeans_ripped,skinny_jeans,39.99,2021-11-17 11:36:50,690449,22,skinny_fit,"Cotton 98%, Spandex 2%",187,32/32,0.98,0.02,
370,690449022,men_jeans_ripped,skinny_jeans,39.99,2021-11-17 11:36:50,690449,22,skinny_fit,"Cotton 98%, Spandex 2%",187,32/32,0.98,0.02,
372,690449022,men_jeans_ripped,skinny_jeans,39.99,2021-11-17 11:36:50,690449,22,skinny_fit,"Cotton 98%, Spandex 2%",187,32/32,0.98,0.02,
374,690449022,men_jeans_ripped,skinny_jeans,39.99,2021-11-17 11:36:50,690449,22,skinny_fit,"Cotton 98%, Spandex 2%",187,32/32,0.98,0.02,
376,690449022,men_jeans_ripped,skinny_jeans,39.99,2021-11-17 11:36:50,690449,22,skinny_fit,"Cotton 98%, Spandex 2%",187,32/32,0.98,0.02,
378,690449022,men_jeans_ripped,skinny_jeans,39.99,2021-11-17 11:36:50,690449,22,skinny_fit,"Cotton 98%, Spandex 2%",187,32/32,0.98,0.02,
380,690449022,men_jeans_ripped,skinny_jeans,39.99,2021-11-17 11:36:50,690449,22,skinny_fit,"Cotton 98%, Spandex 2%",187,32/32,0.98,0.02,
382,690449022,men_jeans_ripped,skinny_jeans,39.99,2021-11-17 11:36:50,690449,22,skinny_fit,"Cotton 98%, Spandex 2%",187,32/32,0.98,0.02,
385,690449022,men_jeans_ripped,skinny_jeans,39.99,2021-11-17 11:36:50,690449,22,skinny_fit,"Cotton 98%, Spandex 2%",184,31/32,0.98,0.02,
387,690449022,men_jeans_ripped,skinny_jeans,39.99,2021-11-17 11:36:50,690449,22,skinny_fit,"Cotton 98%, Spandex 2%",184,31/32,0.98,0.02,
389,690449022,men_jeans_ripped,skinny_jeans,39.99,2021-11-17 11:36:50,690449,22,skinny_fit,"Cotton 98%, Spandex 2%",184,31/32,0.98,0.02,
391,690449022,men_jeans_ripped,skinny_jeans,39.99,2021-11-17 11:36:50,690449,22,skinny_fit,"Cotton 98%, Spandex 2%",184,31/32,0.98,0.02,
393,690449022,men_jeans_ripped,skinny_jeans,39.99,2021-11-17 11:36:50,690449,22,skinny_fit,"Cotton 98%, Spandex 2%",184,31/32,0.98,0.02,
395,690449022,men_jeans_ripped,skinny_jeans,39.99,2021-11-17 11:36:50,690449,22,skinny_fit,"Cotton 98%, Spandex 2%",184,31/32,0.98,0.02,
397,690449022,men_jeans_ripped,skinny_jeans,39.99,2021-11-17 11:36:50,690449,22,skinny_fit,"Cotton 98%, Spandex 2%",184,31/32,0.98,0.02,
399,690449022,men_jeans_ripped,skinny_jeans,39.99,2021-11-17 11:36:50,690449,22,skinny_fit,"Cotton 98%, Spandex 2%",184,31/32,0.98,0.02,
401,690449022,men_jeans_ripped,skinny_jeans,39.99,2021-11-17 11:36:50,690449,22,skinny_fit,"Cotton 98%, Spandex 2%",184,31/32,0.98,0.02,
403,690449022,men_jeans_ripped,skinny_jeans,39.99,2021-11-17 11:36:50,690449,22,skinny_fit,"Cotton 98%, Spandex 2%",184,31/32,0.98,0.02,
405,690449022,men_jeans_ripped,skinny_jeans,39.99,2021-11-17 11:36:50,690449,22,skinny_fit,"Cotton 98%, Spandex 2%",184,31/32,0.98,0.02,
407,690449022,men_jeans_ripped,skinny_jeans,39.99,2021-11-17 11:36:50,690449,22,skinny_fit,"Cotton 98%, Spandex 2%",184,31/32,0.98,0.02,
409,690449022,men_jeans_ripped,skinny_jeans,39.99,2021-11-17 11:36:50,690449,22,skinny_fit,"Cotton 98%, Spandex 2%",184,31/32,0.98,0.02,
411,690449022,men_jeans_ripped,skinny_jeans,39.99,2021-11-17 11:36:50,690449,22,skinny_fit,"Cotton 98%, Spandex 2%",184,31/32,0.98,0.02,
413,690449022,men_jeans_ripped,skinny_jeans,39.99,2021-11-17 11:36:50,690449,22,skinny_fit,"Cotton 98%, Spandex 2%",184,31/32,0.98,0.02,
415,690449022,men_jeans_ripped,skinny_jeans,39.99,2021-11-17 11:36:50,690449,22,skinny_fit,"Cotton 98%, Spandex 2%",184,31/32,0.98,0.02,
416,690449022,men_jeans_ripped,skinny_jeans,39.99,2021-11-17 11:36:50,690449,22,skinny_fit,"Cotton 98%, Spandex 2%",,,0.98,0.02,
417,690449022,men_jeans_ripped,skinny_jeans,39.99,2021-11-17 11:36:50,690449,22,skinny_fit,"Cotton 98%, Spandex 2%",,,0.98,0.02,
418,690449022,men_jeans_ripped,skinny_jeans,39.99,2021-11-17 11:36:50,690449,22,skinny_fit,"Cotton 98%, Spandex 2%",,,0.98,0.02,
419,690449022,men_jeans_ripped,skinny_jeans,39.99,2021-11-17 11:36:50,690449,22,skinny_fit,"Cotton 98%, Spandex 2%",,,0.98,0.02,
420,690449022,men_jeans_ripped,skinny_jeans,39.99,2021-11-17 11:36:50,690449,22,skinny_fit,"Cotton 98%, Spandex 2%",,,0.98,0.02,
421,690449022,men_jeans_ripped,skinny_jeans,39.99,2021-11-17 11:36:50,690449,22,skinny_fit,"Cotton 98%, Spandex 2%",,,0.98,0.02,
422,690449022,men_jeans_ripped,skinny_jeans,39.99,2021-11-17 11:36:50,690449,22,skinny_fit,"Cotton 98%, Spandex 2%",,,0.98,0.02,
423,690449022,men_jeans_ripped,skinny_jeans,39.99,2021-11-17 11:36:50,690449,22,skinny_fit,"Cotton 98%, Spandex 2%",,,0.98,0.02,
424,690449022,men_jeans_ripped,skinny_jeans,39.99,2021-11-17 11:36:50,690449,22,skinny_fit,"Cotton 98%, Spandex 2%",,,0.98,0.02,
425,690449022,men_jeans_ripped,skinny_jeans,39.99,2021-11-17 11:36:50,690449,22,skinny_fit,"Cotton 98%, Spandex 2%",,,0.98,0.02,
426,690449022,men_jeans_ripped,skinny_jeans,39.99,2021-11-17 11:36:50,690449,22,skinny_fit,"Cotton 98%, Spandex 2%",,,0.98,0.02,
427,690449022,men_jeans_ripped,skinny_jeans,39.99,2021-11-17 11:36:50,690449,22,skinny_fit,"Cotton 98%, Spandex 2%",,,0.98,0.02,
428,690449022,men_jeans_ripped,skinny_jeans,39.99,2021-11-17 11:36:50,690449,22,skinny_fit,"Cotton 98%, Spandex 2%",,,0.98,0.02,
429,690449022,men_jeans_ripped,skinny_jeans,39.99,2021-11-17 11:36:50,690449,22,skinny_fit,"Cotton 98%, Spandex 2%",,,0.98,0.02,
430,690449022,men_jeans_ripped,skinny_jeans,39.99,2021-11-17 11:36:50,690449,22,skinny_fit,"Cotton 98%, Spandex 2%",,,0.98,0.02,
431,690449022,men_jeans_ripped,skinny_jeans,39.99,2021-11-17 11:36:50,690449,22,skinny_fit,"Cotton 98%, Spandex 2%",,,0.98,0.02,
528,690449036,men_jeans_ripped,skinny_jeans,39.99,2021-11-17 11:36:50,690449,36,skinny_fit,"Cotton 98%, Spandex 2%",,,0.98,0.02,
529,690449036,men_jeans_ripped,skinny_jeans,39.99,2021-11-17 11:36:50,690449,36,skinny_fit,"Cotton 98%, Spandex 2%",,,0.98,0.02,
530,690449036,men_jeans_ripped,skinny_jeans,39.99,2021-11-17 11:36:50,690449,36,skinny_fit,"Cotton 98%, Spandex 2%",,,0.98,0.02,
531,690449036,men_jeans_ripped,skinny_jeans,39.99,2021-11-17 11:36:50,690449,36,skinny_fit,"Cotton 98%, Spandex 2%",,,0.98,0.02,
532,690449036,men_jeans_ripped,skinny_jeans,39.99,2021-11-17 11:36:50,690449,36,skinny_fit,"Cotton 98%, Spandex 2%",,,0.98,0.02,
533,690449036,men_jeans_ripped,skinny_jeans,39.99,2021-11-17 11:36:50,690449,36,skinny_fit,"Cotton 98%, Spandex 2%",,,0.98,0.02,
534,690449036,men_jeans_ripped,skinny_jeans,39.99,2021-11-17 11:36:50,690449,36,skinny_fit,"Cotton 98%, Spandex 2%",,,0.98,0.02,
535,690449036,men_jeans_ripped,skinny_jeans,39.99,2021-11-17 11:36:50,690449,36,skinny_fit,"Cotton 98%, Spandex 2%",,,0.98,0.02,
536,690449036,men_jeans_ripped,skinny_jeans,39.99,2021-11-17 11:36:50,690449,36,skinny_fit,"Cotton 98%, Spandex 2%",,,0.98,0.02,
537,690449036,men_jeans_ripped,skinny_jeans,39.99,2021-11-17 11:36:50,690449,36,skinny_fit,"Cotton 98%, Spandex 2%",,,0.98,0.02,
538,690449036,men_jeans_ripped,skinny_jeans,39.99,2021-11-17 11:36:50,690449,36,skinny_fit,"Cotton 98%, Spandex 2%",,,0.98,0.02,
539,690449036,men_jeans_ripped,skinny_jeans,39.99,2021-11-17 11:36:50,690449,36,skinny_fit,"Cotton 98%, Spandex 2%",,,0.98,0.02,
540,690449036,men_jeans_ripped,skinny_jeans,39.99,2021-11-17 11:36:50,690449,36,skinny_fit,"Cotton 98%, Spandex 2%",,,0.98,0.02,
541,690449036,men_jeans_ripped,skinny_jeans,39.99,2021-11-17 11:36:50,690449,36,skinny_fit,"Cotton 98%, Spandex 2%",,,0.98,0.02,
542,690449036,men_jeans_ripped,skinny_jeans,39.99,2021-11-17 11:36:50,690449,36,skinny_fit,"Cotton 98%, Spandex 2%",,,0.98,0.02,
543,690449036,men_jeans_ripped,skinny_jeans,39.99,2021-11-17 11:36:50,690449,36,skinny_fit,"Cotton 98%, Spandex 2%",,,0.98,0.02,
544,690449036,men_jeans_ripped,skinny_jeans,39.99,2021-11-17 11:36:50,690449,36,skinny_fit,"Cotton 98%, Spandex 2%",187,32/32,0.98,0.02,
546,690449036,men_jeans_ripped,skinny_jeans,39.99,2021-11-17 11:36:50,690449,36,skinny_fit,"Cotton 98%, Spandex 2%",187,32/32,0.98,0.02,
548,690449036,men_jeans_ripped,skinny_jeans,39.99,2021-11-17 11:36:50,690449,36,skinny_fit,"Cotton 98%, Spandex 2%",187,32/32,0.98,0.02,
550,690449036,men_jeans_ripped,skinny_jeans,39.99,2021-11-17 11:36:50,690449,36,skinny_fit,"Cotton 98%, Spandex 2%",187,32/32,0.98,0.02,
552,690449036,men_jeans_ripped,skinny_jeans,39.99,2021-11-17 11:36:50,690449,36,skinny_fit,"Cotton 98%, Spandex 2%",187,32/32,0.98,0.02,
554,690449036,men_jeans_ripped,skinny_jeans,39.99,2021-11-17 11:36:50,690449,36,skinny_fit,"Cotton 98%, Spandex 2%",187,32/32,0.98,0.02,
556,690449036,men_jeans_ripped,skinny_jeans,39.99,2021-11-17 11:36:50,690449,36,skinny_fit,"Cotton 98%, Spandex 2%",187,32/32,0.98,0.02,
558,690449036,men_jeans_ripped,skinny_jeans,39.99,2021-11-17 11:36:50,690449,36,skinny_fit,"Cotton 98%, Spandex 2%",187,32/32,0.98,0.02,
560,690449036,men_jeans_ripped,skinny_jeans,39.99,2021-11-17 11:36:50,690449,36,skinny_fit,"Cotton 98%, Spandex 2%",187,32/32,0.98,0.02,
562,690449036,men_jeans_ripped,skinny_jeans,39.99,2021-11-17 11:36:50,690449,36,skinny_fit,"Cotton 98%, Spandex 2%",187,32/32,0.98,0.02,
564,690449036,men_jeans_ripped,skinny_jeans,39.99,2021-11-17 11:36:50,690449,36,skinny_fit,"Cotton 98%, Spandex 2%",187,32/32,0.98,0.02,
566,690449036,men_jeans_ripped,skinny_jeans,39.99,2021-11-17 11:36:50,690449,36,skinny_fit,"Cotton 98%, Spandex 2%",187,32/32,0.98,0.02,
568,690449036,men_jeans_ripped,skinny_jeans,39.99,2021-11-17 11:36:50,690449,36,skinny_fit,"Cotton 98%, Spandex 2%",187,32/32,0.98,0.02,
570,690449036,men_jeans_ripped,skinny_jeans,39.99,2021-11-17 11:36:50,690449,36,skinny_fit,"Cotton 98%, Spandex 2%",187,32/32,0.98,0.02,
572,690449036,men_jeans_ripped,skinny_jeans,39.99,2021-11-17 11:36:50,690449,36,skinny_fit,"Cotton 98%, Spandex 2%",187,32/32,0.98,0.02,
574,690449036,men_jeans_ripped,skinny_jeans,39.99,2021-11-17 11:36:50,690449,36,skinny_fit,"Cotton 98%, Spandex 2%",187,32/32,0.98,0.02,
577,690449036,men_jeans_ripped,skinny_jeans,39.99,2021-11-17 11:36:50,690449,36,skinny_fit,"Cotton 98%, Spandex 2%",184,31/32,0.98,0.02,
579,690449036,men_jeans_ripped,skinny_jeans,39.99,2021-11-17 11:36:50,690449,36,skinny_fit,"Cotton 98%, Spandex 2%",184,31/32,0.98,0.02,
581,690449036,men_jeans_ripped,skinny_jeans,39.99,2021-11-17 11:36:50,690449,36,skinny_fit,"Cotton 98%, Spandex 2%",184,31/32,0.98,0.02,
583,690449036,men_jeans_ripped,skinny_jeans,39.99,2021-11-17 11:36:50,690449,36,skinny_fit,"Cotton 98%, Spandex 2%",184,31/32,0.98,0.02,
585,690449036,men_jeans_ripped,skinny_jeans,39.99,2021-11-17 11:36:50,690449,36,skinny_fit,"Cotton 98%, Spandex 2%",184,31/32,0.98,0.02,
587,690449036,men_jeans_ripped,skinny_jeans,39.99,2021-11-17 11:36:50,690449,36,skinny_fit,"Cotton 98%, Spandex 2%",184,31/32,0.98,0.02,
589,690449036,men_jeans_ripped,skinny_jeans,39.99,2021-11-17 11:36:50,690449,36,skinny_fit,"Cotton 98%, Spandex 2%",184,31/32,0.98,0.02,
591,690449036,men_jeans_ripped,skinny_jeans,39.99,2021-11-17 11:36:50,690449,36,skinny_fit,"Cotton 98%, Spandex 2%",184,31/32,0.98,0.02,
593,690449036,men_jeans_ripped,skinny_jeans,39.99,2021-11-17 11:36:50,690449,36,skinny_fit,"Cotton 98%, Spandex 2%",184,31/32,0.98,0.02,
595,690449036,men_jeans_ripped,skinny_jeans,39.99,2021-11-17 11:36:50,690449,36,skinny_fit,"Cotton 98%, Spandex 2%",184,31/32,0.98,0.02,
597,690449036,men_jeans_ripped,skinny_jeans,39.99,2021-11-17 11:36:50,690449,36,skinny_fit,"Cotton 98%, Spandex 2%",184,31/32,0.98,0.02,
599,690449036,men_jeans_ripped,skinny_jeans,39.99,2021-11-17 11:36:50,690449,36,skinny_fit,"Cotton 98%, Spandex 2%",184,31/32,0.98,0.02,
601,690449036,men_jeans_ripped,skinny_jeans,39.99,2021-11-17 11:36:50,690449,36,skinny_fit,"Cotton 98%, Spandex 2%",184,31/32,0.98,0.02,
603,690449036,men_jeans_ripped,skinny_jeans,39.99,2021-11-17 11:36:50,690449,36,skinny_fit,"Cotton 98%, Spandex 2%",184,31/32,0.98,0.02,
605,690449036,men_jeans_ripped,skinny_jeans,39.99,2021-11-17 11:36:50,690449,36,skinny_fit,"Cotton 98%, Spandex 2%",184,31/32,0.98,0.02,
607,690449036,men_jeans_ripped,skinny_jeans,39.99,2021-11-17 11:36:50,690449,36,skinny_fit,"Cotton 98%, Spandex 2%",184,31/32,0.98,0.02,
608,690449036,men_jeans_ripped,skinny_jeans,39.99,2021-11-17 11:36:50,690449,36,skinny_fit,"Cotton 98%, Spandex 2%",,,0.98,0.02,
609,690449036,men_jeans_ripped,skinny_jeans,39.99,2021-11-17 11:36:50,690449,36,skinny_fit,"Cotton 98%, Spandex 2%",,,0.98,0.02,
610,690449036,men_jeans_ripped,skinny_jeans,39.99,2021-11-17 11:36:50,690449,36,skinny_fit,"Cotton 98%, Spandex 2%",,,0.98,0.02,
611,690449036,men_jeans_ripped,skinny_jeans,39.99,2021-11-17 11:36:50,690449,36,skinny_fit,"Cotton 98%, Spandex 2%",,,0.98,0.02,
612,690449036,men_jeans_ripped,skinny_jeans,39.99,2021-11-17 11:36:50,690449,36,skinny_fit,"Cotton 98%, Spandex 2%",,,0.98,0.02,
613,690449036,men_jeans_ripped,skinny_jeans,39.99,2021-11-17 11:36:50,690449,36,skinny_fit,"Cotton 98%, Spandex 2%",,,0.98,0.02,
614,690449036,men_jeans_ripped,skinny_jeans,39.99,2021-11-17 11:36:50,690449,36,skinny_fit,"Cotton 98%, Spandex 2%",,,0.98,0.02,
615,690449036,men_jeans_ripped,skinny_jeans,39.99,2021-11-17 11:36:50,690449,36,skinny_fit,"Cotton 98%, Spandex 2%",,,0.98,0.02,
616,690449036,men_jeans_ripped,skinny_jeans,39.99,2021-11-17 11:36:50,690449,36,skinny_fit,"Cotton 98%, Spandex 2%",,,0.98,0.02,
617,690449036,men_jeans_ripped,skinny_jeans,39.99,2021-11-17 11:36:50,690449,36,skinny_fit,"Cotton 98%, Spandex 2%",,,0.98,0.02,
618,690449036,men_jeans_ripped,skinny_jeans,39.99,2021-11-17 11:36:50,690449,36,skinny_fit,"Cotton 98%, Spandex 2%",,,0.98,0.02,
619,690449036,men_jeans_ripped,skinny_jeans,39.99,2021-11-17 11:36:50,690449,36,skinny_fit,"Cotton 98%, Spandex 2%",,,0.98,0.02,
620,690449036,men_jeans_ripped,skinny_jeans,39.99,2021-11-17 11:36:50,690449,36,skinny_fit,"Cotton 98%, Spandex 2%",,,0.98,0.02,
621,690449036,men_jeans_ripped,skinny_jeans,39.99,2021-11-17 11:36:50,690449,36,skinny_fit,"Cotton 98%, Spandex 2%",,,0.98,0.02,
622,690449036,men_jeans_ripped,skinny_jeans,39.99,2021-11-17 11:36:50,690449,36,skinny_fit,"Cotton 98%, Spandex 2%",,,0.98,0.02,
623,690449036,men_jeans_ripped,skinny_jeans,39.99,2021-11-17 11:36:50,690449,36,skinny_fit,"Cotton 98%, Spandex 2%",,,0.98,0.02,
709,938875008,men_jeans_slim,slim_tapered_jeans,39.99,2021-11-17 11:36:50,938875,8,slim_fit,"Cotton 99%, Spandex 1%",187,31/32,0.99,0.01,
711,938875008,men_jeans_slim,slim_tapered_jeans,39.99,2021-11-17 11:36:50,938875,8,slim_fit,"Cotton 99%, Spandex 1%",187,31/32,0.99,0.01,
713,938875008,men_jeans_slim,slim_tapered_jeans,39.99,2021-11-17 11:36:50,938875,8,slim_fit,"Cotton 99%, Spandex 1%",187,31/32,0.99,0.01,
715,938875008,men_jeans_slim,slim_tapered_jeans,39.99,2021-11-17 11:36:50,938875,8,slim_fit,"Cotton 99%, Spandex 1%",187,31/32,0.99,0.01,
717,938875008,men_jeans_slim,slim_tapered_jeans,39.99,2021-11-17 11:36:50,938875,8,slim_fit,"Cotton 99%, Spandex 1%",187,31/30,0.99,0.01,
719,938875008,men_jeans_slim,slim_tapered_jeans,39.99,2021-11-17 11:36:50,938875,8,slim_fit,"Cotton 99%, Spandex 1%",187,31/30,0.99,0.01,
721,938875008,men_jeans_slim,slim_tapered_jeans,39.99,2021-11-17 11:36:50,938875,8,slim_fit,"Cotton 99%, Spandex 1%",187,31/30,0.99,0.01,
723,938875008,men_jeans_slim,slim_tapered_jeans,39.99,2021-11-17 11:36:50,938875,8,slim_fit,"Cotton 99%, Spandex 1%",187,31/30,0.99,0.01,
725,938875008,men_jeans_slim,slim_tapered_jeans,39.99,2021-11-17 11:36:50,938875,8,slim_fit,"Cotton 99%, Spandex 1%",188,31/32,0.99,0.01,
727,938875008,men_jeans_slim,slim_tapered_jeans,39.99,2021-11-17 11:36:50,938875,8,slim_fit,"Cotton 99%, Spandex 1%",188,31/32,0.99,0.01,
729,938875008,men_jeans_slim,slim_tapered_jeans,39.99,2021-11-17 11:36:50,938875,8,slim_fit,"Cotton 99%, Spandex 1%",188,31/32,0.99,0.01,
731,938875008,men_jeans_slim,slim_tapered_jeans,39.99,2021-11-17 11:36:50,938875,8,slim_fit,"Cotton 99%, Spandex 1%",188,31/32,0.99,0.01,
936,1004476004,men_jeans_slim,freefit®_slim_jeans,49.99,2021-11-17 11:36:50,1004476,4,slim_fit,"Cotton 90%, Elasterell-P 8%, Spandex 2%",182,31/32,0.9,,0.08
937,1004476004,men_jeans_slim,freefit®_slim_jeans,49.99,2021-11-17 11:36:50,1004476,4,slim_fit,"Cotton 90%, Elasterell-P 8%, Spandex 2%",182,31/32,0.9,,0.08
938,1004476004,men_jeans_slim,freefit®_slim_jeans,49.99,2021-11-17 11:36:50,1004476,4,slim_fit,"Cotton 90%, Elasterell-P 8%, Spandex 2%",182,31/32,0.9,,0.08
939,1004476004,men_jeans_slim,freefit®_slim_jeans,49.99,2021-11-17 11:36:50,1004476,4,slim_fit,"Cotton 90%, Elasterell-P 8%, Spandex 2%",182,31/32,0.9,,0.08
940,1004476004,men_jeans_slim,freefit®_slim_jeans,49.99,2021-11-17 11:36:50,1004476,4,slim_fit,"Cotton 90%, Elasterell-P 8%, Spandex 2%",182,31/32,0.9,,0.08
941,1004476004,men_jeans_slim,freefit®_slim_jeans,49.99,2021-11-17 11:36:50,1004476,4,slim_fit,"Cotton 90%, Elasterell-P 8%, Spandex 2%",,,0.9,,0.08
942,1004476004,men_jeans_slim,freefit®_slim_jeans,49.99,2021-11-17 11:36:50,1004476,4,slim_fit,"Cotton 90%, Elasterell-P 8%, Spandex 2%",,,0.9,,0.08
943,1004476004,men_jeans_slim,freefit®_slim_jeans,49.99,2021-11-17 11:36:50,1004476,4,slim_fit,"Cotton 90%, Elasterell-P 8%, Spandex 2%",,,0.9,,0.08
944,1004476004,men_jeans_slim,freefit®_slim_jeans,49.99,2021-11-17 11:36:50,1004476,4,slim_fit,"Cotton 90%, Elasterell-P 8%, Spandex 2%",,,0.9,,0.08
945,1004476004,men_jeans_slim,freefit®_slim_jeans,49.99,2021-11-17 11:36:50,1004476,4,slim_fit,"Cotton 90%, Elasterell-P 8%, Spandex 2%",,,0.9,,0.08
946,1004476004,men_jeans_slim,freefit®_slim_jeans,49.99,2021-11-17 11:36:50,1004476,4,slim_fit,"Cotton 90%, Elasterell-P 8%, Spandex 2%",182,31/32,0.9,,0.08
947,1004476004,men_jeans_slim,freefit®_slim_jeans,49.99,2021-11-17 11:36:50,1004476,4,slim_fit,"Cotton 90%, Elasterell-P 8%, Spandex 2%",182,31/32,0.9,,0.08
948,1004476004,men_jeans_slim,freefit®_slim_jeans,49.99,2021-11-17 11:36:50,1004476,4,slim_fit,"Cotton 90%, Elasterell-P 8%, Spandex 2%",182,31/32,0.9,,0.08
949,1004476004,men_jeans_slim,freefit®_slim_jeans,49.99,2021-11-17 11:36:50,1004476,4,slim_fit,"Cotton 90%, Elasterell-P 8%, Spandex 2%",182,31/32,0.9,,0.08
950,1004476004,men_jeans_slim,freefit®_slim_jeans,49.99,2021-11-17 11:36:50,1004476,4,slim_fit,"Cotton 90%, Elasterell-P 8%, Spandex 2%",182,31/32,0.9,,0.08
951,1004476004,men_jeans_slim,freefit®_slim_jeans,49.99,2021-11-17 11:36:50,1004476,4,slim_fit,"Cotton 90%, Elasterell-P 8%, Spandex 2%",182,31/32,0.9,,0.08
952,1004476004,men_jeans_slim,freefit®_slim_jeans,49.99,2021-11-17 11:36:50,1004476,4,slim_fit,"Cotton 90%, Elasterell-P 8%, Spandex 2%",182,31/32,0.9,,0.08
953,1004476004,men_jeans_slim,freefit®_slim_jeans,49.99,2021-11-17 11:36:50,1004476,4,slim_fit,"Cotton 90%, Elasterell-P 8%, Spandex 2%",182,31/32,0.9,,0.08
954,1004476004,men_jeans_slim,freefit®_slim_jeans,49.99,2021-11-17 11:36:50,1004476,4,slim_fit,"Cotton 90%, Elasterell-P 8%, Spandex 2%",182,31/32,0.9,,0.08
955,1004476004,men_jeans_slim,freefit®_slim_jeans,49.99,2021-11-17 11:36:50,1004476,4,slim_fit,"Cotton 90%, Elasterell-P 8%, Spandex 2%",182,31/32,0.9,,0.08
956,1004476004,men_jeans_slim,freefit®_slim_jeans,49.99,2021-11-17 11:36:50,1004476,4,slim_fit,"Cotton 90%, Elasterell-P 8%, Spandex 2%",,,0.9,,0.08
957,1004476004,men_jeans_slim,freefit®_slim_jeans,49.99,2021-11-17 11:36:50,1004476,4,slim_fit,"Cotton 90%, Elasterell-P 8%, Spandex 2%",,,0.9,,0.08
958,1004476004,men_jeans_slim,freefit®_slim_jeans,49.99,2021-11-17 11:36:50,1004476,4,slim_fit,"Cotton 90%, Elasterell-P 8%, Spandex 2%",,,0.9,,0.08
959,1004476004,men_jeans_slim,freefit®_slim_jeans,49.99,2021-11-17 11:36:50,1004476,4,slim_fit,"Cotton 90%, Elasterell-P 8%, Spandex 2%",,,0.9,,0.08
960,1004476004,men_jeans_slim,freefit®_slim_jeans,49.99,2021-11-17 11:36:50,1004476,4,slim_fit,"Cotton 90%, Elasterell-P 8%, Spandex 2%",,,0.9,,0.08
1081,427159006,men_jeans_ripped,trashed_skinny_jeans,39.99,2021-11-17 11:36:50,427159,6,skinny_fit,"Cotton 93%, Polyester 6%, Spandex 1%",184,31/32,0.93,,
1082,427159006,men_jeans_ripped,trashed_skinny_jeans,39.99,2021-11-17 11:36:50,427159,6,skinny_fit,"Cotton 93%, Polyester 6%, Spandex 1%",184,31/32,0.93,,
1083,427159006,men_jeans_ripped,trashed_skinny_jeans,39.99,2021-11-17 11:36:50,427159,6,skinny_fit,"Cotton 93%, Polyester 6%, Spandex 1%",184,31/32,0.93,,
1084,427159006,men_jeans_ripped,trashed_skinny_jeans,39.99,2021-11-17 11:36:50,427159,6,skinny_fit,"Cotton 93%, Polyester 6%, Spandex 1%",184,31/32,0.93,,
1085,427159006,men_jeans_ripped,trashed_skinny_jeans,39.99,2021-11-17 11:36:50,427159,6,skinny_fit,"Cotton 93%, Polyester 6%, Spandex 1%",184,31/32,0.93,,
1086,427159006,men_jeans_ripped,trashed_skinny_jeans,39.99,2021-11-17 11:36:50,427159,6,skinny_fit,"Cotton 93%, Polyester 6%, Spandex 1%",184,31/32,0.93,,
1087,427159006,men_jeans_ripped,trashed_skinny_jeans,39.99,2021-11-17 11:36:50,427159,6,skinny_fit,"Cotton 93%, Polyester 6%, Spandex 1%",184,31/32,0.93,,
1088,427159006,men_jeans_ripped,trashed_skinny_jeans,39.99,2021-11-17 11:36:50,427159,6,skinny_fit,"Cotton 93%, Polyester 6%, Spandex 1%",184,31/32,0.93,,
1089,427159006,men_jeans_ripped,trashed_skinny_jeans,39.99,2021-11-17 11:36:50,427159,6,skinny_fit,"Cotton 93%, Polyester 6%, Spandex 1%",184,31/32,0.93,,
1090,427159006,men_jeans_ripped,trashed_skinny_jeans,39.99,2021-11-17 11:36:50,427159,6,skinny_fit,"Cotton 93%, Polyester 6%, Spandex 1%",184,31/32,0.93,,
1091,427159006,men_jeans_ripped,trashed_skinny_jeans,39.99,2021-11-17 11:36:50,427159,6,skinny_fit,"Cotton 93%, Polyester 6%, Spandex 1%",184,31/32,0.93,,
1092,427159006,men_jeans_ripped,trashed_skinny_jeans,39.99,2021-11-17 11:36:50,427159,6,skinny_fit,"Cotton 93%, Polyester 6%, Spandex 1%",184,31/32,0.93,,
1093,427159006,men_jeans_ripped,trashed_skinny_jeans,39.99,2021-11-17 11:36:50,427159,6,skinny_fit,"Cotton 93%, Polyester 6%, Spandex 1%",184,31/32,0.93,,
1094,427159006,men_jeans_ripped,trashed_skinny_jeans,39.99,2021-11-17 11:36:50,427159,6,skinny_fit,"Cotton 93%, Polyester 6%, Spandex 1%",184,31/32,0.93,,
1251,1004476003,men_jeans_slim,freefit®_slim_jeans,49.99,2021-11-17 11:36:50,1004476,3,slim_fit,"Cotton 90%, Elasterell-P 8%, Spandex 2%",182,31/32,0.9,,0.08
1252,1004476003,men_jeans_slim,freefit®_slim_jeans,49.99,2021-11-17 11:36:50,1004476,3,slim_fit,"Cotton 90%, Elasterell-P 8%, Spandex 2%",182,31/32,0.9,,0.08
1253,1004476003,men_jeans_slim,freefit®_slim_jeans,49.99,2021-11-17 11:36:50,1004476,3,slim_fit,"Cotton 90%, Elasterell-P 8%, Spandex 2%",182,31/32,0.9,,0.08
1254,1004476003,men_jeans_slim,freefit®_slim_jeans,49.99,2021-11-17 11:36:50,1004476,3,slim_fit,"Cotton 90%, Elasterell-P 8%, Spandex 2%",182,31/32,0.9,,0.08
1255,1004476003,men_jeans_slim,freefit®_slim_jeans,49.99,2021-11-17 11:36:50,1004476,3,slim_fit,"Cotton 90%, Elasterell-P 8%, Spandex 2%",182,31/32,0.9,,0.08
1256,1004476003,men_jeans_slim,freefit®_slim_jeans,49.99,2021-11-17 11:36:50,1004476,3,slim_fit,"Cotton 90%, Elasterell-P 8%, Spandex 2%",,,0.9,,0.08
1257,1004476003,men_jeans_slim,freefit®_slim_jeans,49.99,2021-11-17 11:36:50,1004476,3,slim_fit,"Cotton 90%, Elasterell-P 8%, Spandex 2%",,,0.9,,0.08
1258,1004476003,men_jeans_slim,freefit®_slim_jeans,49.99,2021-11-17 11:36:50,1004476,3,slim_fit,"Cotton 90%, Elasterell-P 8%, Spandex 2%",,,0.9,,0.08
1259,1004476003,men_jeans_slim,freefit®_slim_jeans,49.99,2021-11-17 11:36:50,1004476,3,slim_fit,"Cotton 90%, Elasterell-P 8%, Spandex 2%",,,0.9,,0.08
1260,1004476003,men_jeans_slim,freefit®_slim_jeans,49.99,2021-11-17 11:36:50,1004476,3,slim_fit,"Cotton 90%, Elasterell-P 8%, Spandex 2%",,,0.9,,0.08
1261,1004476003,men_jeans_slim,freefit®_slim_jeans,49.99,2021-11-17 11:36:50,1004476,3,slim_fit,"Cotton 90%, Elasterell-P 8%, Spandex 2%",182,31/32,0.9,,0.08
1262,1004476003,men_jeans_slim,freefit®_slim_jeans,49.99,2021-11-17 11:36:50,1004476,3,slim_fit,"Cotton 90%, Elasterell-P 8%, Spandex 2%",182,31/32,0.9,,0.08
1263,1004476003,men_jeans_slim,freefit®_slim_jeans,49.99,2021-11-17 11:36:50,1004476,3,slim_fit,"Cotton 90%, Elasterell-P 8%, Spandex 2%",182,31/32,0.9,,0.08
1264,1004476003,men_jeans_slim,freefit®_slim_jeans,49.99,2021-11-17 11:36:50,1004476,3,slim_fit,"Cotton 90%, Elasterell-P 8%, Spandex 2%",182,31/32,0.9,,0.08
1265,1004476003,men_jeans_slim,freefit®_slim_jeans,49.99,2021-11-17 11:36:50,1004476,3,slim_fit,"Cotton 90%, Elasterell-P 8%, Spandex 2%",182,31/32,0.9,,0.08
1266,1004476003,men_jeans_slim,freefit®_slim_jeans,49.99,2021-11-17 11:36:50,1004476,3,slim_fit,"Cotton 90%, Elasterell-P 8%, Spandex 2%",182,31/32,0.9,,0.08
1267,1004476003,men_jeans_slim,freefit®_slim_jeans,49.99,2021-11-17 11:36:50,1004476,3,slim_fit,"Cotton 90%, Elasterell-P 8%, Spandex 2%",182,31/32,0.9,,0.08
1268,1004476003,men_jeans_slim,freefit®_slim_jeans,49.99,2021-11-17 11:36:50,1004476,3,slim_fit,"Cotton 90%, Elasterell-P 8%, Spandex 2%",182,31/32,0.9,,0.08
1269,1004476003,men_jeans_slim,freefit®_slim_jeans,49.99,2021-11-17 11:36:50,1004476,3,slim_fit,"Cotton 90%, Elasterell-P 8%, Spandex 2%",182,31/32,0.9,,0.08
1270,1004476003,men_jeans_slim,freefit®_slim_jeans,49.99,2021-11-17 11:36:50,1004476,3,slim_fit,"Cotton 90%, Elasterell-P 8%, Spandex 2%",182,31/32,0.9,,0.08
1271,1004476003,men_jeans_slim,freefit®_slim_jeans,49.99,2021-11-17 11:36:50,1004476,3,slim_fit,"Cotton 90%, Elasterell-P 8%, Spandex 2%",,,0.9,,0.08
1272,1004476003,men_jeans_slim,freefit®_slim_jeans,49.99,2021-11-17 11:36:50,1004476,3,slim_fit,"Cotton 90%, Elasterell-P 8%, Spandex 2%",,,0.9,,0.08
1273,1004476003,men_jeans_slim,freefit®_slim_jeans,49.99,2021-11-17 11:36:50,1004476,3,slim_fit,"Cotton 90%, Elasterell-P 8%, Spandex 2%",,,0.9,,0.08
1274,1004476003,men_jeans_slim,freefit®_slim_jeans,49.99,2021-11-17 11:36:50,1004476,3,slim_fit,"Cotton 90%, Elasterell-P 8%, Spandex 2%",,,0.9,,0.08
1275,1004476003,men_jeans_slim,freefit®_slim_jeans,49.99,2021-11-17 11:36:50,1004476,3,slim_fit,"Cotton 90%, Elasterell-P 8%, Spandex 2%",,,0.9,,0.08
1361,938875001,men_jeans_slim,slim_tapered_jeans,39.99,2021-11-17 11:36:50,938875,1,slim_fit,"Cotton 99%, Spandex 1%",187,31/32,0.99,0.01,
1363,938875001,men_jeans_slim,slim_tapered_jeans,39.99,2021-11-17 11:36:50,938875,1,slim_fit,"Cotton 99%, Spandex 1%",187,31/32,0.99,0.01,
1365,938875001,men_jeans_slim,slim_tapered_jeans,39.99,2021-11-17 11:36:50,938875,1,slim_fit,"Cotton 99%, Spandex 1%",187,31/32,0.99,0.01,
1367,938875001,men_jeans_slim,slim_tapered_jeans,39.99,2021-11-17 11:36:50,938875,1,slim_fit,"Cotton 99%, Spandex 1%",187,31/32,0.99,0.01,
1369,938875001,men_jeans_slim,slim_tapered_jeans,39.99,2021-11-17 11:36:50,938875,1,slim_fit,"Cotton 99%, Spandex 1%",187,31/30,0.99,0.01,
1371,938875001,men_jeans_slim,slim_tapered_jeans,39.99,2021-11-17 11:36:50,938875,1,slim_fit,"Cotton 99%, Spandex 1%",187,31/30,0.99,0.01,
1373,938875001,men_jeans_slim,slim_tapered_jeans,39.99,2021-11-17 11:36:50,938875,1,slim_fit,"Cotton 99%, Spandex 1%",187,31/30,0.99,0.01,
1375,938875001,men_jeans_slim,slim_tapered_jeans,39.99,2021-11-17 11:36:50,938875,1,slim_fit,"Cotton 99%, Spandex 1%",187,31/30,0.99,0.01,
1377,938875001,men_jeans_slim,slim_tapered_jeans,39.99,2021-11-17 11:36:50,938875,1,slim_fit,"Cotton 99%, Spandex 1%",188,31/32,0.99,0.01,
1379,938875001,men_jeans_slim,slim_tapered_jeans,39.99,2021-11-17 11:36:50,938875,1,slim_fit,"Cotton 99%, Spandex 1%",188,31/32,0.99,0.01,
1381,938875001,men_jeans_slim,slim_tapered_jeans,39.99,2021-11-17 11:36:50,938875,1,slim_fit,"Cotton 99%, Spandex 1%",188,31/32,0.99,0.01,
1383,938875001,men_jeans_slim,slim_tapered_jeans,39.99,2021-11-17 11:36:50,938875,1,slim_fit,"Cotton 99%, Spandex 1%",188,31/32,0.99,0.01,
1385,938875007,men_jeans_slim,slim_tapered_jeans,39.99,2021-11-17 11:36:50,938875,7,slim_fit,"Cotton 99%, Spandex 1%",187,31/32,0.99,0.01,
1387,938875007,men_jeans_slim,slim_tapered_jeans,39.99,2021-11-17 11:36:50,938875,7,slim_fit,"Cotton 99%, Spandex 1%",187,31/32,0.99,0.01,
1389,938875007,men_jeans_slim,slim_tapered_jeans,39.99,2021-11-17 11:36:50,938875,7,slim_fit,"Cotton 99%, Spandex 1%",187,31/32,0.99,0.01,
1391,938875007,men_jeans_slim,slim_tapered_jeans,39.99,2021-11-17 11:36:50,938875,7,slim_fit,"Cotton 99%, Spandex 1%",187,31/32,0.99,0.01,
1393,938875007,men_jeans_slim,slim_tapered_jeans,39.99,2021-11-17 11:36:50,938875,7,slim_fit,"Cotton 99%, Spandex 1%",187,31/30,0.99,0.01,
1395,938875007,men_jeans_slim,slim_tapered_jeans,39.99,2021-11-17 11:36:50,938875,7,slim_fit,"Cotton 99%, Spandex 1%",187,31/30,0.99,0.01,
1397,938875007,men_jeans_slim,slim_tapered_jeans,39.99,2021-11-17 11:36:50,938875,7,slim_fit,"Cotton 99%, Spandex 1%",187,31/30,0.99,0.01,
1399,938875007,men_jeans_slim,slim_tapered_jeans,39.99,2021-11-17 11:36:50,938875,7,slim_fit,"Cotton 99%, Spandex 1%",187,31/30,0.99,0.01,
1401,938875007,men_jeans_slim,slim_tapered_jeans,39.99,2021-11-17 11:36:50,938875,7,slim_fit,"Cotton 99%, Spandex 1%",188,31/32,0.99,0.01,
1403,938875007,men_jeans_slim,slim_tapered_jeans,39.99,2021-11-17 11:36:50,938875,7,slim_fit,"Cotton 99%, Spandex 1%",188,31/32,0.99,0.01,
1405,938875007,men_jeans_slim,slim_tapered_jeans,39.99,2021-11-17 11:36:50,938875,7,slim_fit,"Cotton 99%, Spandex 1%",188,31/32,0.99,0.01,
1407,938875007,men_jeans_slim,slim_tapered_jeans,39.99,2021-11-17 11:36:50,938875,7,slim_fit,"Cotton 99%, Spandex 1%",188,31/32,0.99,0.01,
1408,1004199001,men_jeans_skinny,skinny_cropped_jeans,29.99,2021-11-17 11:36:50,1004199,1,skinny_fit,"Cotton 99%, Spandex 1%",,,0.99,0.01,
1409,1004199001,men_jeans_skinny,skinny_cropped_jeans,29.99,2021-11-17 11:36:50,1004199,1,skinny_fit,"Cotton 99%, Spandex 1%",,,0.99,0.01,
1414,1004199001,men_jeans_skinny,skinny_cropped_jeans,29.99,2021-11-17 11:36:50,1004199,1,skinny_fit,"Cotton 99%, Spandex 1%",187,,0.99,0.01,
1415,1004199001,men_jeans_skinny,skinny_cropped_jeans,29.99,2021-11-17 11:36:50,1004199,1,skinny_fit,"Cotton 99%, Spandex 1%",187,,0.99,0.01,
1416,1004476001,men_jeans_slim,freefit®_slim_jeans,49.99,2021-11-17 11:36:50,1004476,1,slim_fit,"Cotton 90%, Elasterell-P 8%, Spandex 2%",182,31/32,0.9,,0.08
1417,1004476001,men_jeans_slim,freefit®_slim_jeans,49.99,2021-11-17 11:36:50,1004476,1,slim_fit,"Cotton 90%, Elasterell-P 8%, Spandex 2%",182,31/32,0.9,,0.08
1418,1004476001,men_jeans_slim,freefit®_slim_jeans,49.99,2021-11-17 11:36:50,1004476,1,slim_fit,"Cotton 90%, Elasterell-P 8%, Spandex 2%",182,31/32,0.9,,0.08
1419,1004476001,men_jeans_slim,freefit®_slim_jeans,49.99,2021-11-17 11:36:50,1004476,1,slim_fit,"Cotton 90%, Elasterell-P 8%, Spandex 2%",182,31/32,0.9,,0.08
1420,1004476001,men_jeans_slim,freefit®_slim_jeans,49.99,2021-11-17 11:36:50,1004476,1,slim_fit,"Cotton 90%, Elasterell-P 8%, Spandex 2%",182,31/32,0.9,,0.08
1421,1004476001,men_jeans_slim,freefit®_slim_jeans,49.99,2021-11-17 11:36:50,1004476,1,slim_fit,"Cotton 90%, Elasterell-P 8%, Spandex 2%",,,0.9,,0.08
1422,1004476001,men_jeans_slim,freefit®_slim_jeans,49.99,2021-11-17 11:36:50,1004476,1,slim_fit,"Cotton 90%, Elasterell-P 8%, Spandex 2%",,,0.9,,0.08
1423,1004476001,men_jeans_slim,freefit®_slim_jeans,49.99,2021-11-17 11:36:50,1004476,1,slim_fit,"Cotton 90%, Elasterell-P 8%, Spandex 2%",,,0.9,,0.08
1424,1004476001,men_jeans_slim,freefit®_slim_jeans,49.99,2021-11-17 11:36:50,1004476,1,slim_fit,"Cotton 90%, Elasterell-P 8%, Spandex 2%",,,0.9,,0.08
1425,1004476001,men_jeans_slim,freefit®_slim_jeans,49.99,2021-11-17 11:36:50,1004476,1,slim_fit,"Cotton 90%, Elasterell-P 8%, Spandex 2%",,,0.9,,0.08
1426,1004476001,men_jeans_slim,freefit®_slim_jeans,49.99,2021-11-17 11:36:50,1004476,1,slim_fit,"Cotton 90%, Elasterell-P 8%, Spandex 2%",182,31/32,0.9,,0.08
1427,1004476001,men_jeans_slim,freefit®_slim_jeans,49.99,2021-11-17 11:36:50,1004476,1,slim_fit,"Cotton 90%, Elasterell-P 8%, Spandex 2%",182,31/32,0.9,,0.08
1428,1004476001,men_jeans_slim,freefit®_slim_jeans,49.99,2021-11-17 11:36:50,1004476,1,slim_fit,"Cotton 90%, Elasterell-P 8%, Spandex 2%",182,31/32,0.9,,0.08
1429,1004476001,men_jeans_slim,freefit®_slim_jeans,49.99,2021-11-17 11:36:50,1004476,1,slim_fit,"Cotton 90%, Elasterell-P 8%, Spandex 2%",182,31/32,0.9,,0.08
1430,1004476001,men_jeans_slim,freefit®_slim_jeans,49.99,2021-11-17 11:36:50,1004476,1,slim_fit,"Cotton 90%, Elasterell-P 8%, Spandex 2%",182,31/32,0.9,,0.08
1431,1004476001,men_jeans_slim,freefit®_slim_jeans,49.99,2021-11-17 11:36:50,1004476,1,slim_fit,"Cotton 90%, Elasterell-P 8%, Spandex 2%",182,31/32,0.9,,0.08
1432,1004476001,men_jeans_slim,freefit®_slim_jeans,49.99,2021-11-17 11:36:50,1004476,1,slim_fit,"Cotton 90%, Elasterell-P 8%, Spandex 2%",182,31/32,0.9,,0.08
1433,1004476001,men_jeans_slim,freefit®_slim_jeans,49.99,2021-11-17 11:36:50,1004476,1,slim_fit,"Cotton 90%, Elasterell-P 8%, Spandex 2%",182,31/32,0.9,,0.08
1434,1004476001,men_jeans_slim,freefit®_slim_jeans,49.99,2021-11-17 11:36:50,1004476,1,slim_fit,"Cotton 90%, Elasterell-P 8%, Spandex 2%",182,31/32,0.9,,0.08
1435,1004476001,men_jeans_slim,freefit®_slim_jeans,49.99,2021-11-17 11:36:50,1004476,1,slim_fit,"Cotton 90%, Elasterell-P 8%, Spandex 2%",182,31/32,0.9,,0.08
1436,1004476001,men_jeans_slim,freefit®_slim_jeans,49.99,2021-11-17 11:36:50,1004476,1,slim_fit,"Cotton 90%, Elasterell-P 8%, Spandex 2%",,,0.9,,0.08
1437,1004476001,men_jeans_slim,freefit®_slim_jeans,49.99,2021-11-17 11:36:50,1004476,1,slim_fit,"Cotton 90%, Elasterell-P 8%, Spandex 2%",,,0.9,,0.08
1438,1004476001,men_jeans_slim,freefit®_slim_jeans,49.99,2021-11-17 11:36:50,1004476,1,slim_fit,"Cotton 90%, Elasterell-P 8%, Spandex 2%",,,0.9,,0.08
1439,1004476001,men_jeans_slim,freefit®_slim_jeans,49.99,2021-11-17 11:36:50,1004476,1,slim_fit,"Cotton 90%, Elasterell-P 8%, Spandex 2%",,,0.9,,0.08
1440,1004476001,men_jeans_slim,freefit®_slim_jeans,49.99,2021-11-17 11:36:50,1004476,1,slim_fit,"Cotton 90%, Elasterell-P 8%, Spandex 2%",,,0.9,,0.08
1441,1004476005,men_jeans_slim,freefit®_slim_jeans,49.99,2021-11-17 11:36:50,1004476,5,slim_fit,"Cotton 90%, Elasterell-P 8%, Spandex 2%",182,31/32,0.9,,0.08
1442,1004476005,men_jeans_slim,freefit®_slim_jeans,49.99,2021-11-17 11:36:50,1004476,5,slim_fit,"Cotton 90%, Elasterell-P 8%, Spandex 2%",182,31/32,0.9,,0.08
1443,1004476005,men_jeans_slim,freefit®_slim_jeans,49.99,2021-11-17 11:36:50,1004476,5,slim_fit,"Cotton 90%, Elasterell-P 8%, Spandex 2%",182,31/32,0.9,,0.08
1444,1004476005,men_jeans_slim,freefit®_slim_jeans,49.99,2021-11-17 11:36:50,1004476,5,slim_fit,"Cotton 90%, Elasterell-P 8%, Spandex 2%",182,31/32,0.9,,0.08
1445,1004476005,men_jeans_slim,freefit®_slim_jeans,49.99,2021-11-17 11:36:50,1004476,5,slim_fit,"Cotton 90%, Elasterell-P 8%, Spandex 2%",182,31/32,0.9,,0.08
1446,1004476005,men_jeans_slim,freefit®_slim_jeans,49.99,2021-11-17 11:36:50,1004476,5,slim_fit,"Cotton 90%, Elasterell-P 8%, Spandex 2%",,,0.9,,0.08
1447,1004476005,men_jeans_slim,freefit®_slim_jeans,49.99,2021-11-17 11:36:50,1004476,5,slim_fit,"Cotton 90%, Elasterell-P 8%, Spandex 2%",,,0.9,,0.08
1448,1004476005,men_jeans_slim,freefit®_slim_jeans,49.99,2021-11-17 11:36:50,1004476,5,slim_fit,"Cotton 90%, Elasterell-P 8%, Spandex 2%",,,0.9,,0.08
1449,1004476005,men_jeans_slim,freefit®_slim_jeans,49.99,2021-11-17 11:36:50,1004476,5,slim_fit,"Cotton 90%, Elasterell-P 8%, Spandex 2%",,,0.9,,0.08
1450,1004476005,men_jeans_slim,freefit®_slim_jeans,49.99,2021-11-17 11:36:50,1004476,5,slim_fit,"Cotton 90%, Elasterell-P 8%, Spandex 2%",,,0.9,,0.08
1451,1004476005,men_jeans_slim,freefit®_slim_jeans,49.99,2021-11-17 11:36:50,1004476,5,slim_fit,"Cotton 90%, Elasterell-P 8%, Spandex 2%",182,31/32,0.9,,0.08
1452,1004476005,men_jeans_slim,freefit®_slim_jeans,49.99,2021-11-17 11:36:50,1004476,5,slim_fit,"Cotton 90%, Elasterell-P 8%, Spandex 2%",182,31/32,0.9,,0.08
1453,1004476005,men_jeans_slim,freefit®_slim_jeans,49.99,2021-11-17 11:36:50,1004476,5,slim_fit,"Cotton 90%, Elasterell-P 8%, Spandex 2%",182,31/32,0.9,,0.08
1454,1004476005,men_jeans_slim,freefit®_slim_jeans,49.99,2021-11-17 11:36:50,1004476,5,slim_fit,"Cotton 90%, Elasterell-P 8%, Spandex 2%",182,31/32,0.9,,0.08
1455,1004476005,men_jeans_slim,freefit®_slim_jeans,49.99,2021-11-17 11:36:50,1004476,5,slim_fit,"Cotton 90%, Elasterell-P 8%, Spandex 2%",182,31/32,0.9,,0.08
1456,1004476005,men_jeans_slim,freefit®_slim_jeans,49.99,2021-11-17 11:36:50,1004476,5,slim_fit,"Cotton 90%, Elasterell-P 8%, Spandex 2%",182,31/32,0.9,,0.08
1457,1004476005,men_jeans_slim,freefit®_slim_jeans,49.99,2021-11-17 11:36:50,1004476,5,slim_fit,"Cotton 90%, Elasterell-P 8%, Spandex 2%",182,31/32,0.9,,0.08
1458,1004476005,men_jeans_slim,freefit®_slim_jeans,49.99,2021-11-17 11:36:50,1004476,5,slim_fit,"Cotton 90%, Elasterell-P 8%, Spandex 2%",182,31/32,0.9,,0.08
1459,1004476005,men_jeans_slim,freefit®_slim_jeans,49.99,2021-11-17 11:36:50,1004476,5,slim_fit,"Cotton 90%, Elasterell-P 8%, Spandex 2%",182,31/32,0.9,,0.08
1460,1004476005,men_jeans_slim,freefit®_slim_jeans,49.99,2021-11-17 11:36:50,1004476,5,slim_fit,"Cotton 90%, Elasterell-P 8%, Spandex 2%",182,31/32,0.9,,0.08
1461,1004476005,men_jeans_slim,freefit®_slim_jeans,49.99,2021-11-17 11:36:50,1004476,5,slim_fit,"Cotton 90%, Elasterell-P 8%, Spandex 2%",,,0.9,,0.08
1462,1004476005,men_jeans_slim,freefit®_slim_jeans,49.99,2021-11-17 11:36:50,1004476,5,slim_fit,"Cotton 90%, Elasterell-P 8%, Spandex 2%",,,0.9,,0.08
1463,1004476005,men_jeans_slim,freefit®_slim_jeans,49.99,2021-11-17 11:36:50,1004476,5,slim_fit,"Cotton 90%, Elasterell-P 8%, Spandex 2%",,,0.9,,0.08
1464,1004476005,men_jeans_slim,freefit®_slim_jeans,49.99,2021-11-17 11:36:50,1004476,5,slim_fit,"Cotton 90%, Elasterell-P 8%, Spandex 2%",,,0.9,,0.08
1465,1004476005,men_jeans_slim,freefit®_slim_jeans,49.99,2021-11-17 11:36:50,1004476,5,slim_fit,"Cotton 90%, Elasterell-P 8%, Spandex 2%",,,0.9,,0.08
1466,1004476002,men_jeans_slim,freefit®_slim_jeans,49.99,2021-11-17 11:36:50,1004476,2,slim_fit,"Cotton 90%, Elasterell-P 8%, Spandex 2%",182,31/32,0.9,,0.08
1467,1004476002,men_jeans_slim,freefit®_slim_jeans,49.99,2021-11-17 11:36:50,1004476,2,slim_fit,"Cotton 90%, Elasterell-P 8%, Spandex 2%",182,31/32,0.9,,0.08
1468,1004476002,men_jeans_slim,freefit®_slim_jeans,49.99,2021-11-17 11:36:50,1004476,2,slim_fit,"Cotton 90%, Elasterell-P 8%, Spandex 2%",182,31/32,0.9,,0.08
1469,1004476002,men_jeans_slim,freefit®_slim_jeans,49.99,2021-11-17 11:36:50,1004476,2,slim_fit,"Cotton 90%, Elasterell-P 8%, Spandex 2%",182,31/32,0.9,,0.08
1470,1004476002,men_jeans_slim,freefit®_slim_jeans,49.99,2021-11-17 11:36:50,1004476,2,slim_fit,"Cotton 90%, Elasterell-P 8%, Spandex 2%",182,31/32,0.9,,0.08
1471,1004476002,men_jeans_slim,freefit®_slim_jeans,49.99,2021-11-17 11:36:50,1004476,2,slim_fit,"Cotton 90%, Elasterell-P 8%, Spandex 2%",,,0.9,,0.08
1472,1004476002,men_jeans_slim,freefit®_slim_jeans,49.99,2021-11-17 11:36:50,1004476,2,slim_fit,"Cotton 90%, Elasterell-P 8%, Spandex 2%",,,0.9,,0.08
1473,1004476002,men_jeans_slim,freefit®_slim_jeans,49.99,2021-11-17 11:36:50,1004476,2,slim_fit,"Cotton 90%, Elasterell-P 8%, Spandex 2%",,,0.9,,0.08
1474,1004476002,men_jeans_slim,freefit®_slim_jeans,49.99,2021-11-17 11:36:50,1004476,2,slim_fit,"Cotton 90%, Elasterell-P 8%, Spandex 2%",,,0.9,,0.08
1475,1004476002,men_jeans_slim,freefit®_slim_jeans,49.99,2021-11-17 11:36:50,1004476,2,slim_fit,"Cotton 90%, Elasterell-P 8%, Spandex 2%",,,0.9,,0.08
1476,1004476002,men_jeans_slim,freefit®_slim_jeans,49.99,2021-11-17 11:36:50,1004476,2,slim_fit,"Cotton 90%, Elasterell-P 8%, Spandex 2%",182,31/32,0.9,,0.08
1477,1004476002,men_jeans_slim,freefit®_slim_jeans,49.99,2021-11-17 11:36:50,1004476,2,slim_fit,"Cotton 90%, Elasterell-P 8%, Spandex 2%",182,31/32,0.9,,0.08
1478,1004476002,men_jeans_slim,freefit®_slim_jeans,49.99,2021-11-17 11:36:50,1004476,2,slim_fit,"Cotton 90%, Elasterell-P 8%, Spandex 2%",182,31/32,0.9,,0.08
1479,1004476002,men_jeans_slim,freefit®_slim_jeans,49.99,2021-11-17 11:36:50,1004476,2,slim_fit,"Cotton 90%, Elasterell-P 8%, Spandex 2%",182,31/32,0.9,,0.08
1480,1004476002,men_jeans_slim,freefit®_slim_jeans,49.99,2021-11-17 11:36:50,1004476,2,slim_fit,"Cotton 90%, Elasterell-P 8%, Spandex 2%",182,31/32,0.9,,0.08
1481,1004476002,men_jeans_slim,freefit®_slim_jeans,49.99,2021-11-17 11:36:50,1004476,2,slim_fit,"Cotton 90%, Elasterell-P 8%, Spandex 2%",182,31/32,0.9,,0.08
1482,1004476002,men_jeans_slim,freefit®_slim_jeans,49.99,2021-11-17 11:36:50,1004476,2,slim_fit,"Cotton 90%, Elasterell-P 8%, Spandex 2%",182,31/32,0.9,,0.08
1483,1004476002,men_jeans_slim,freefit®_slim_jeans,49.99,2021-11-17 11:36:50,1004476,2,slim_fit,"Cotton 90%, Elasterell-P 8%, Spandex 2%",182,31/32,0.9,,0.08
1484,1004476002,men_jeans_slim,freefit®_slim_jeans,49.99,2021-11-17 11:36:50,1004476,2,slim_fit,"Cotton 90%, Elasterell-P 8%, Spandex 2%",182,31/32,0.9,,0.08
1485,1004476002,men_jeans_slim,freefit®_slim_jeans,49.99,2021-11-17 11:36:50,1004476,2,slim_fit,"Cotton 90%, Elasterell-P 8%, Spandex 2%",182,31/32,0.9,,0.08
1486,1004476002,men_jeans_slim,freefit®_slim_jeans,49.99,2021-11-17 11:36:50,1004476,2,slim_fit,"Cotton 90%, Elasterell-P 8%, Spandex 2%",,,0.9,,0.08
1487,1004476002,men_jeans_slim,freefit®_slim_jeans,49.99,2021-11-17 11:36:50,1004476,2,slim_fit,"Cotton 90%, Elasterell-P 8%, Spandex 2%",,,0.9,,0.08
1488,1004476002,men_jeans_slim,freefit®_slim_jeans,49.99,2021-11-17 11:36:50,1004476,2,slim_fit,"Cotton 90%, Elasterell-P 8%, Spandex 2%",,,0.9,,0.08
1489,1004476002,men_jeans_slim,freefit®_slim_jeans,49.99,2021-11-17 11:36:50,1004476,2,slim_fit,"Cotton 90%, Elasterell-P 8%, Spandex 2%",,,0.9,,0.08
1490,1004476002,men_jeans_slim,freefit®_slim_jeans,49.99,2021-11-17 11:36:50,1004476,2,slim_fit,"Cotton 90%, Elasterell-P 8%, Spandex 2%",,,0.9,,0.08
1491,730863033,men_jeans_skinny,skinny_jeans,29.99,2021-11-17 11:36:50,730863,33,skinny_fit,"Cotton 98%, Spandex 2%",,,0.98,0.02,
1492,730863033,men_jeans_skinny,skinny_jeans,29.99,2021-11-17 11:36:50,730863,33,skinny_fit,"Cotton 98%, Spandex 2%",,,0.98,0.02,
1493,730863033,men_jeans_skinny,skinny_jeans,29.99,2021-11-17 11:36:50,730863,33,skinny_fit,"Cotton 98%, Spandex 2%",,,0.98,0.02,
1494,730863033,men_jeans_skinny,skinny_jeans,29.99,2021-11-17 11:36:50,730863,33,skinny_fit,"Cotton 98%, Spandex 2%",,,0.98,0.02,
1495,730863033,men_jeans_skinny,skinny_jeans,29.99,2021-11-17 11:36:50,730863,33,skinny_fit,"Cotton 98%, Spandex 2%",,,0.98,0.02,
1496,730863033,men_jeans_skinny,skinny_jeans,29.99,2021-11-17 11:36:50,730863,33,skinny_fit,"Cotton 98%, Spandex 2%",,,0.98,0.02,
1497,730863033,men_jeans_skinny,skinny_jeans,29.99,2021-11-17 11:36:50,730863,33,skinny_fit,"Cotton 98%, Spandex 2%",,,0.98,0.02,
1498,730863033,men_jeans_skinny,skinny_jeans,29.99,2021-11-17 11:36:50,730863,33,skinny_fit,"Cotton 98%, Spandex 2%",,,0.98,0.02,
1499,730863033,men_jeans_skinny,skinny_jeans,29.99,2021-11-17 11:36:50,730863,33,skinny_fit,"Cotton 98%, Spandex 2%",,,0.98,0.02,
1500,730863033,men_jeans_skinny,skinny_jeans,29.99,2021-11-17 11:36:50,730863,33,skinny_fit,"Cotton 98%, Spandex 2%",,,0.98,0.02,
1501,730863033,men_jeans_skinny,skinny_jeans,29.99,2021-11-17 11:36:50,730863,33,skinny_fit,"Cotton 98%, Spandex 2%",,,0.98,0.02,
1502,730863033,men_jeans_skinny,skinny_jeans,29.99,2021-11-17 11:36:50,730863,33,skinny_fit,"Cotton 98%, Spandex 2%",,,0.98,0.02,
1503,730863033,men_jeans_skinny,skinny_jeans,29.99,2021-11-17 11:36:50,730863,33,skinny_fit,"Cotton 98%, Spandex 2%",,,0.98,0.02,
1504,730863033,men_jeans_skinny,skinny_jeans,29.99,2021-11-17 11:36:50,730863,33,skinny_fit,"Cotton 98%, Spandex 2%",,,0.98,0.02,
1505,730863033,men_jeans_skinny,skinny_jeans,29.99,2021-11-17 11:36:50,730863,33,skinny_fit,"Cotton 98%, Spandex 2%",,,0.98,0.02,
1506,730863033,men_jeans_skinny,skinny_jeans,29.99,2021-11-17 11:36:50,730863,33,skinny_fit,"Cotton 98%, Spandex 2%",,,0.98,0.02,
1507,730863033,men_jeans_skinny,skinny_jeans,29.99,2021-11-17 11:36:50,730863,33,skinny_fit,"Cotton 98%, Spandex 2%",,,0.98,0.02,
1508,730863033,men_jeans_skinny,skinny_jeans,29.99,2021-11-17 11:36:50,730863,33,skinny_fit,"Cotton 98%, Spandex 2%",,,0.98,0.02,
1509,730863033,men_jeans_skinny,skinny_jeans,29.99,2021-11-17 11:36:50,730863,33,skinny_fit,"Cotton 99%, Spandex 1%",,,0.99,0.01,
1510,730863033,men_jeans_skinny,skinny_jeans,29.99,2021-11-17 11:36:50,730863,33,skinny_fit,"Cotton 99%, Spandex 1%",,,0.99,0.01,
1511,730863033,men_jeans_skinny,skinny_jeans,29.99,2021-11-17 11:36:50,730863,33,skinny_fit,"Cotton 99%, Spandex 1%",,,0.99,0.01,
1512,730863033,men_jeans_skinny,skinny_jeans,29.99,2021-11-17 11:36:50,730863,33,skinny_fit,"Cotton 99%, Spandex 1%",,,0.99,0.01,
1513,730863033,men_jeans_skinny,skinny_jeans,29.99,2021-11-17 11:36:50,730863,33,skinny_fit,"Cotton 99%, Spandex 1%",,,0.99,0.01,
1514,730863033,men_jeans_skinny,skinny_jeans,29.99,2021-11-17 11:36:50,730863,33,skinny_fit,"Cotton 99%, Spandex 1%",,,0.99,0.01,
1515,730863033,men_jeans_skinny,skinny_jeans,29.99,2021-11-17 11:36:50,730863,33,skinny_fit,"Cotton 99%, Spandex 1%",,,0.99,0.01,
1516,730863033,men_jeans_skinny,skinny_jeans,29.99,2021-11-17 11:36:50,730863,33,skinny_fit,"Cotton 99%, Spandex 1%",,,0.99,0.01,
1517,730863033,men_jeans_skinny,skinny_jeans,29.99,2021-11-17 11:36:50,730863,33,skinny_fit,"Cotton 99%, Spandex 1%",,,0.99,0.01,
1518,730863033,men_jeans_skinny,skinny_jeans,29.99,2021-11-17 11:36:50,730863,33,skinny_fit,"Cotton 99%, Spandex 1%",,,0.99,0.01,
1519,730863033,men_jeans_skinny,skinny_jeans,29.99,2021-11-17 11:36:50,730863,33,skinny_fit,"Cotton 99%, Spandex 1%",,,0.99,0.01,
1520,730863033,men_jeans_skinny,skinny_jeans,29.99,2021-11-17 11:36:50,730863,33,skinny_fit,"Cotton 99%, Spandex 1%",,,0.99,0.01,
1521,730863033,men_jeans_skinny,skinny_jeans,29.99,2021-11-17 11:36:50,730863,33,skinny_fit,"Cotton 99%, Spandex 1%",,,0.99,0.01,
1522,730863033,men_jeans_skinny,skinny_jeans,29.99,2021-11-17 11:36:50,730863,33,skinny_fit,"Cotton 99%, Spandex 1%",,,0.99,0.01,
1523,730863033,men_jeans_skinny,skinny_jeans,29.99,2021-11-17 11:36:50,730863,33,skinny_fit,"Cotton 99%, Spandex 1%",,,0.99,0.01,
1524,730863033,men_jeans_skinny,skinny_jeans,29.99,2021-11-17 11:36:50,730863,33,skinny_fit,"Cotton 99%, Spandex 1%",,,0.99,0.01,
1525,730863033,men_jeans_skinny,skinny_jeans,29.99,2021-11-17 11:36:50,730863,33,skinny_fit,"Cotton 99%, Spandex 1%",,,0.99,0.01,
1526,730863033,men_jeans_skinny,skinny_jeans,29.99,2021-11-17 11:36:50,730863,33,skinny_fit,"Cotton 99%, Spandex 1%",,,0.99,0.01,
1527,720504010,men_jeans_skinny,skinny_jeans,24.99,2021-11-17 11:36:50,720504,10,skinny_fit,"Cotton 90%, Polyester 8%, Spandex 2%",,,0.9,,
1529,720504010,men_jeans_skinny,skinny_jeans,24.99,2021-11-17 11:36:50,720504,10,skinny_fit,"Cotton 90%, Polyester 8%, Spandex 2%",,,0.9,,
1531,720504010,men_jeans_skinny,skinny_jeans,24.99,2021-11-17 11:36:50,720504,10,skinny_fit,"Cotton 90%, Polyester 8%, Spandex 2%",,,0.9,,
1533,720504010,men_jeans_skinny,skinny_jeans,24.99,2021-11-17 11:36:50,720504,10,skinny_fit,"Cotton 90%, Polyester 8%, Spandex 2%",,,0.9,,
1535,720504010,men_jeans_skinny,skinny_jeans,24.99,2021-11-17 11:36:50,720504,10,skinny_fit,"Cotton 90%, Polyester 8%, Spandex 2%",,,0.9,,
1537,720504010,men_jeans_skinny,skinny_jeans,24.99,2021-11-17 11:36:50,720504,10,skinny_fit,"Cotton 90%, Polyester 8%, Spandex 2%",,,0.9,,
1539,720504010,men_jeans_skinny,skinny_jeans,24.99,2021-11-17 11:36:50,720504,10,skinny_fit,"Cotton 90%, Polyester 8%, Spandex 2%",,,0.9,,
1541,720504010,men_jeans_skinny,skinny_jeans,24.99,2021-11-17 11:36:50,720504,10,skinny_fit,"Cotton 90%, Polyester 8%, Spandex 2%",,,0.9,,
1543,720504010,men_jeans_skinny,skinny_jeans,24.99,2021-11-17 11:36:50,720504,10,skinny_fit,"Cotton 90%, Polyester 8%, Spandex 2%",,,0.9,,
1545,730863005,men_jeans_skinny,skinny_jeans,29.99,2021-11-17 11:36:50,730863,5,skinny_fit,"Cotton 98%, Spandex 2%",,,0.98,0.02,
1546,730863005,men_jeans_skinny,skinny_jeans,29.99,2021-11-17 11:36:50,730863,5,skinny_fit,"Cotton 98%, Spandex 2%",,,0.98,0.02,
1547,730863005,men_jeans_skinny,skinny_jeans,29.99,2021-11-17 11:36:50,730863,5,skinny_fit,"Cotton 98%, Spandex 2%",,,0.98,0.02,
1548,730863005,men_jeans_skinny,skinny_jeans,29.99,2021-11-17 11:36:50,730863,5,skinny_fit,"Cotton 98%, Spandex 2%",,,0.98,0.02,
1549,730863005,men_jeans_skinny,skinny_jeans,29.99,2021-11-17 11:36:50,730863,5,skinny_fit,"Cotton 98%, Spandex 2%",,,0.98,0.02,
1550,730863005,men_jeans_skinny,skinny_jeans,29.99,2021-11-17 11:36:50,730863,5,skinny_fit,"Cotton 98%, Spandex 2%",,,0.98,0.02,
1551,730863005,men_jeans_skinny,skinny_jeans,29.99,2021-11-17 11:36:50,730863,5,skinny_fit,"Cotton 98%, Spandex 2%",,,0.98,0.02,
1552,730863005,men_jeans_skinny,skinny_jeans,29.99,2021-11-17 11:36:50,730863,5,skinny_fit,"Cotton 98%, Spandex 2%",,,0.98,0.02,
1553,730863005,men_jeans_skinny,skinny_jeans,29.99,2021-11-17 11:36:50,730863,5,skinny_fit,"Cotton 98%, Spandex 2%",,,0.98,0.02,
1554,730863005,men_jeans_skinny,skinny_jeans,29.99,2021-11-17 11:36:50,730863,5,skinny_fit,"Cotton 98%, Spandex 2%",,,0.98,0.02,
1555,730863005,men_jeans_skinny,skinny_jeans,29.99,2021-11-17 11:36:50,730863,5,skinny_fit,"Cotton 98%, Spandex 2%",,,0.98,0.02,
1556,730863005,men_jeans_skinny,skinny_jeans,29.99,2021-11-17 11:36:50,730863,5,skinny_fit,"Cotton 98%, Spandex 2%",,,0.98,0.02,
1557,730863005,men_jeans_skinny,skinny_jeans,29.99,2021-11-17 11:36:50,730863,5,skinny_fit,"Cotton 98%, Spandex 2%",,,0.98,0.02,
1558,730863005,men_jeans_skinny,skinny_jeans,29.99,2021-11-17 11:36:50,730863,5,skinny_fit,"Cotton 98%, Spandex 2%",,,0.98,0.02,
1559,730863005,men_jeans_skinny,skinny_jeans,29.99,2021-11-17 11:36:50,730863,5,skinny_fit,"Cotton 98%, Spandex 2%",,,0.98,0.02,
1560,730863005,men_jeans_skinny,skinny_jeans,29.99,2021-11-17 11:36:50,730863,5,skinny_fit,"Cotton 98%, Spandex 2%",,,0.98,0.02,
1561,730863005,men_jeans_skinny,skinny_jeans,29.99,2021-11-17 11:36:50,730863,5,skinny_fit,"Cotton 98%, Spandex 2%",,,0.98,0.02,
1562,730863005,men_jeans_skinny,skinny_jeans,29.99,2021-11-17 11:36:50,730863,5,skinny_fit,"Cotton 98%, Spandex 2%",,,0.98,0.02,
1563,730863005,men_jeans_skinny,skinny_jeans,29.99,2021-11-17 11:36:50,730863,5,skinny_fit,"Cotton 99%, Spandex 1%",,,0.99,0.01,
1564,730863005,men_jeans_skinny,skinny_jeans,29.99,2021-11-17 11:36:50,730863,5,skinny_fit,"Cotton 99%, Spandex 1%",,,0.99,0.01,
1565,730863005,men_jeans_skinny,skinny_jeans,29.99,2021-11-17 11:36:50,730863,5,skinny_fit,"Cotton 99%, Spandex 1%",,,0.99,0.01,
1566,730863005,men_jeans_skinny,skinny_jeans,29.99,2021-11-17 11:36:50,730863,5,skinny_fit,"Cotton 99%, Spandex 1%",,,0.99,0.01,
1567,730863005,men_jeans_skinny,skinny_jeans,29.99,2021-11-17 11:36:50,730863,5,skinny_fit,"Cotton 99%, Spandex 1%",,,0.99,0.01,
1568,730863005,men_jeans_skinny,skinny_jeans,29.99,2021-11-17 11:36:50,730863,5,skinny_fit,"Cotton 99%, Spandex 1%",,,0.99,0.01,
1569,730863005,men_jeans_skinny,skinny_jeans,29.99,2021-11-17 11:36:50,730863,5,skinny_fit,"Cotton 99%, Spandex 1%",,,0.99,0.01,
1570,730863005,men_jeans_skinny,skinny_jeans,29.99,2021-11-17 11:36:50,730863,5,skinny_fit,"Cotton 99%, Spandex 1%",,,0.99,0.01,
1571,730863005,men_jeans_skinny,skinny_jeans,29.99,2021-11-17 11:36:50,730863,5,skinny_fit,"Cotton 99%, Spandex 1%",,,0.99,0.01,
1572,730863005,men_jeans_skinny,skinny_jeans,29.99,2021-11-17 11:36:50,730863,5,skinny_fit,"Cotton 99%, Spandex 1%",,,0.99,0.01,
1573,730863005,men_jeans_skinny,skinny_jeans,29.99,2021-11-17 11:36:50,730863,5,skinny_fit,"Cotton 99%, Spandex 1%",,,0.99,0.01,
1574,730863005,men_jeans_skinny,skinny_jeans,29.99,2021-11-17 11:36:50,730863,5,skinny_fit,"Cotton 99%, Spandex 1%",,,0.99,0.01,
1575,730863005,men_jeans_skinny,skinny_jeans,29.99,2021-11-17 11:36:50,730863,5,skinny_fit,"Cotton 99%, Spandex 1%",,,0.99,0.01,
1576,730863005,men_jeans_skinny,skinny_jeans,29.99,2021-11-17 11:36:50,730863,5,skinny_fit,"Cotton 99%, Spandex 1%",,,0.99,0.01,
1577,730863005,men_jeans_skinny,skinny_jeans,29.99,2021-11-17 11:36:50,730863,5,skinny_fit,"Cotton 99%, Spandex 1%",,,0.99,0.01,
1578,730863005,men_jeans_skinny,skinny_jeans,29.99,2021-11-17 11:36:50,730863,5,skinny_fit,"Cotton 99%, Spandex 1%",,,0.99,0.01,
1579,730863005,men_jeans_skinny,skinny_jeans,29.99,2021-11-17 11:36:50,730863,5,skinny_fit,"Cotton 99%, Spandex 1%",,,0.99,0.01,
1580,730863005,men_jeans_skinny,skinny_jeans,29.99,2021-11-17 11:36:50,730863,5,skinny_fit,"Cotton 99%, Spandex 1%",,,0.99,0.01,
1581,814631002,men_jeans_slim,freefit®_slim_jeans,49.99,2021-11-17 11:36:50,814631,2,slim_fit,"Cotton 90%, Elasterell-P 8%, Spandex 2%",,,0.9,,0.08
1582,814631002,men_jeans_slim,freefit®_slim_jeans,49.99,2021-11-17 11:36:50,814631,2,slim_fit,"Cotton 90%, Elasterell-P 8%, Spandex 2%",,,0.9,,0.08
1583,814631002,men_jeans_slim,freefit®_slim_jeans,49.99,2021-11-17 11:36:50,814631,2,slim_fit,"Cotton 90%, Elasterell-P 8%, Spandex 2%",,,0.9,,0.08
1584,814631002,men_jeans_slim,freefit®_slim_jeans,49.99,2021-11-17 11:36:50,814631,2,slim_fit,"Cotton 90%, Elasterell-P 8%, Spandex 2%",,,0.9,,0.08
1585,814631002,men_jeans_slim,freefit®_slim_jeans,49.99,2021-11-17 11:36:50,814631,2,slim_fit,"Cotton 90%, Elasterell-P 8%, Spandex 2%",,,0.9,,0.08
1586,814631002,men_jeans_slim,freefit®_slim_jeans,49.99,2021-11-17 11:36:50,814631,2,slim_fit,"Cotton 90%, Elasterell-P 8%, Spandex 2%",,,0.9,,0.08
1587,814631002,men_jeans_slim,freefit®_slim_jeans,49.99,2021-11-17 11:36:50,814631,2,slim_fit,"Cotton 90%, Elasterell-P 8%, Spandex 2%",,,0.9,,0.08
1588,814631002,men_jeans_slim,freefit®_slim_jeans,49.99,2021-11-17 11:36:50,814631,2,slim_fit,"Cotton 90%, Elasterell-P 8%, Spandex 2%",,,0.9,,0.08
1589,814631002,men_jeans_slim,freefit®_slim_jeans,49.99,2021-11-17 11:36:50,814631,2,slim_fit,"Cotton 90%, Elasterell-P 8%, Spandex 2%",,,0.9,,0.08
1590,1004199003,men_jeans_skinny,skinny_cropped_jeans,29.99,2021-11-17 11:36:50,1004199,3,skinny_fit,"Cotton 99%, Spandex 1%",,,0.99,0.01,
1591,1004199003,men_jeans_skinny,skinny_cropped_jeans,29.99,2021-11-17 11:36:50,1004199,3,skinny_fit,"Cotton 99%, Spandex 1%",,,0.99,0.01,
1596,1004199003,men_jeans_skinny,skinny_cropped_jeans,29.99,2021-11-17 11:36:50,1004199,3,skinny_fit,"Cotton 99%, Spandex 1%",187,,0.99,0.01,
1597,1004199003,men_jeans_skinny,skinny_cropped_jeans,29.99,2021-11-17 11:36:50,1004199,3,skinny_fit,"Cotton 99%, Spandex 1%",187,,0.99,0.01,
1598,1004199002,men_jeans_skinny,skinny_cropped_jeans,29.99,2021-11-17 11:36:50,1004199,2,skinny_fit,"Cotton 99%, Spandex 1%",,,0.99,0.01,
1599,1004199002,men_jeans_skinny,skinny_cropped_jeans,29.99,2021-11-17 11:36:50,1004199,2,skinny_fit,"Cotton 99%, Spandex 1%",,,0.99,0.01,
1604,1004199002,men_jeans_skinny,skinny_cropped_jeans,29.99,2021-11-17 11:36:50,1004199,2,skinny_fit,"Cotton 99%, Spandex 1%",187,,0.99,0.01,
1605,1004199002,men_jeans_skinny,skinny_cropped_jeans,29.99,2021-11-17 11:36:50,1004199,2,skinny_fit,"Cotton 99%, Spandex 1%",187,,0.99,0.01,
1690,751994024,men_jeans_slim,slim_jeans,29.99,2021-11-17 11:36:50,751994,24,slim_fit,"Cotton 98%, Spandex 2%",187,31/32,0.98,0.02,
1691,751994024,men_jeans_slim,slim_jeans,29.99,2021-11-17 11:36:50,751994,24,slim_fit,"Cotton 98%, Spandex 2%",187,31/32,0.98,0.02,
1692,751994024,men_jeans_slim,slim_jeans,29.99,2021-11-17 11:36:50,751994,24,slim_fit,"Cotton 98%, Spandex 2%",187,31/32,0.98,0.02,
1693,751994024,men_jeans_slim,slim_jeans,29.99,2021-11-17 11:36:50,751994,24,slim_fit,"Cotton 98%, Spandex 2%",187,31/32,0.98,0.02,
1694,751994024,men_jeans_slim,slim_jeans,29.99,2021-11-17 11:36:50,751994,24,slim_fit,"Cotton 98%, Spandex 2%",187,31/32,0.98,0.02,
1695,751994024,men_jeans_slim,slim_jeans,29.99,2021-11-17 11:36:50,751994,24,slim_fit,"Cotton 98%, Spandex 2%",187,31/32,0.98,0.02,
1696,751994024,men_jeans_slim,slim_jeans,29.99,2021-11-17 11:36:50,751994,24,slim_fit,"Cotton 98%, Spandex 2%",187,31/32,0.98,0.02,
1697,751994024,men_jeans_slim,slim_jeans,29.99,2021-11-17 11:36:50,751994,24,slim_fit,"Cotton 98%, Spandex 2%",187,31/32,0.98,0.02,
1698,751994024,men_jeans_slim,slim_jeans,29.99,2021-11-17 11:36:50,751994,24,slim_fit,"Cotton 98%, Spandex 2%",187,31/32,0.98,0.02,
1699,751994024,men_jeans_slim,slim_jeans,29.99,2021-11-17 11:36:50,751994,24,slim_fit,"Cotton 98%, Spandex 2%",187,31/32,0.98,0.02,
1700,751994024,men_jeans_slim,slim_jeans,29.99,2021-11-17 11:36:50,751994,24,slim_fit,"Cotton 98%, Spandex 2%",187,31/32,0.98,0.02,
1701,751994024,men_jeans_slim,slim_jeans,29.99,2021-11-17 11:36:50,751994,24,slim_fit,"Cotton 98%, Spandex 2%",187,31/32,0.98,0.02,
1702,751994024,men_jeans_slim,slim_jeans,29.99,2021-11-17 11:36:50,751994,24,slim_fit,"Cotton 98%, Spandex 2%",187,31/32,0.98,0.02,
1703,751994024,men_jeans_slim,slim_jeans,29.99,2021-11-17 11:36:50,751994,24,slim_fit,"Cotton 98%, Spandex 2%",187,31/32,0.98,0.02,
